AnnoA;AteneoNOME;AteneoCOD;SESSO;Isc
2020/2021;Aosta;701;F;718
2020/2021;Aosta;701;M;320
2020/2021;Bari;7201;F;26336
2020/2021;Bari;7201;M;15774
2020/2021;Bari Politecnico;7202;F;2994
2020/2021;Bari Politecnico;7202;M;6941
2020/2021;Basilicata;7601;F;3541
2020/2021;Basilicata;7601;M;2546
2020/2021;Benevento Giustino Fortunato - telematica;6202;F;945
2020/2021;Benevento Giustino Fortunato - telematica;6202;M;860
2020/2021;Bergamo;1601;F;13105
2020/2021;Bergamo;1601;M;7761
2020/2021;Bologna;3701;F;45838
2020/2021;Bologna;3701;M;35920
2020/2021;Bolzano;2101;F;2816
2020/2021;Bolzano;2101;M;1242
2020/2021;Bra Scienze Gastronomiche;401;F;196
2020/2021;Bra Scienze Gastronomiche;401;M;195
2020/2021;Brescia;1701;F;6822
2020/2021;Brescia;1701;M;7913
2020/2021;Cagliari;9201;F;14631
2020/2021;Cagliari;9201;M;10104
2020/2021;Calabria;7801;F;14046
2020/2021;Calabria;7801;M;10110
2020/2021;Camerino;4302;F;3072
2020/2021;Camerino;4302;M;3420
2020/2021;Casamassima - G.Degennaro;7203;F;639
2020/2021;Casamassima - G.Degennaro;7203;M;931
2020/2021;Cassino;6001;F;3773
2020/2021;Cassino;6001;M;3265
2020/2021;Castellanza LIUC;1201;F;966
2020/2021;Castellanza LIUC;1201;M;1798
2020/2021;Catania;8701;F;21950
2020/2021;Catania;8701;M;16046
2020/2021;Catanzaro;7901;F;6654
2020/2021;Catanzaro;7901;M;4143
2020/2021;Chieti e Pescara;6901;F;14657
2020/2021;Chieti e Pescara;6901;M;7953
2020/2021;Enna KORE;8601;F;3282
2020/2021;Enna KORE;8601;M;1545
2020/2021;Ferrara;3801;F;15030
2020/2021;Ferrara;3801;M;10156
2020/2021;Firenze;4801;F;30997
2020/2021;Firenze;4801;M;22538
2020/2021;Firenze IUL - telematica;4804;F;529
2020/2021;Firenze IUL - telematica;4804;M;225
2020/2021;Foggia;7101;F;7170
2020/2021;Foggia;7101;M;4207
2020/2021;Genova;1001;F;18049
2020/2021;Genova;1001;M;14161
2020/2021;Insubria;1202;F;6381
2020/2021;Insubria;1202;M;5345
2020/2021;L'Aquila;6601;F;8707
2020/2021;L'Aquila;6601;M;7202
2020/2021;Macerata;4301;F;7437
2020/2021;Macerata;4301;M;2608
2020/2021;Marche;4201;F;6720
2020/2021;Marche;4201;M;8143
2020/2021;Messina;8301;F;14664
2020/2021;Messina;8301;M;8891
2020/2021;Milano;1501;F;36428
2020/2021;Milano;1501;M;24807
2020/2021;Milano Bicocca;1509;F;21181
2020/2021;Milano Bicocca;1509;M;13210
2020/2021;Milano Bocconi;1503;F;5651
2020/2021;Milano Bocconi;1503;M;8040
2020/2021;Milano Cattolica;1504;F;27868
2020/2021;Milano Cattolica;1504;M;13842
2020/2021;Milano IULM;1505;F;5208
2020/2021;Milano IULM;1505;M;1878
2020/2021;Milano Politecnico;1502;F;15805
2020/2021;Milano Politecnico;1502;M;30418
2020/2021;Milano San Raffaele;1508;F;2116
2020/2021;Milano San Raffaele;1508;M;1193
2020/2021;Modena e Reggio Emilia;3601;F;14578
2020/2021;Modena e Reggio Emilia;3601;M;12881
2020/2021;Molise;7001;F;3984
2020/2021;Molise;7001;M;2663
2020/2021;Napoli Benincasa;6304;F;7162
2020/2021;Napoli Benincasa;6304;M;1275
2020/2021;Napoli Federico II;6301;F;41897
2020/2021;Napoli Federico II;6301;M;33362
2020/2021;Napoli L'Orientale;6303;F;9104
2020/2021;Napoli L'Orientale;6303;M;2271
2020/2021;Napoli Parthenope;6302;F;4674
2020/2021;Napoli Parthenope;6302;M;6361
2020/2021;Napoli Pegaso - telematica;6307;F;31536
2020/2021;Napoli Pegaso - telematica;6307;M;35990
2020/2021;Napoli Vanvitelli;6306;F;13286
2020/2021;Napoli Vanvitelli;6306;M;9027
2020/2021;Novedrate e-Campus - telematica;1301;F;17281
2020/2021;Novedrate e-Campus - telematica;1301;M;14857
2020/2021;Padova;2801;F;33434
2020/2021;Padova;2801;M;29438
2020/2021;Palermo;8201;F;24312
2020/2021;Palermo;8201;M;17349
2020/2021;Parma;3401;F;16417
2020/2021;Parma;3401;M;11707
2020/2021;Pavia;1801;F;13327
2020/2021;Pavia;1801;M;10395
2020/2021;Perugia;5401;F;15529
2020/2021;Perugia;5401;M;10666
2020/2021;Perugia Stranieri;5403;F;776
2020/2021;Perugia Stranieri;5403;M;374
2020/2021;Piemonte Orientale;201;F;8254
2020/2021;Piemonte Orientale;201;M;5440
2020/2021;Pisa;5001;F;23141
2020/2021;Pisa;5001;M;21517
2020/2021;Reggio Calabria;8001;F;2713
2020/2021;Reggio Calabria;8001;M;2138
2020/2021;Reggio Calabria - Dante Alighieri;8003;F;500
2020/2021;Reggio Calabria - Dante Alighieri;8003;M;99
2020/2021;Roma  Mercatorum - telematica;5814;F;7105
2020/2021;Roma  Mercatorum - telematica;5814;M;10359
2020/2021;Roma Biomedico;5808;F;1360
2020/2021;Roma Biomedico;5808;M;866
2020/2021;Roma Europea;5812;F;1257
2020/2021;Roma Europea;5812;M;470
2020/2021;Roma Foro Italico;5806;F;612
2020/2021;Roma Foro Italico;5806;M;1547
2020/2021;Roma La Sapienza;5801;F;60386
2020/2021;Roma La Sapienza;5801;M;43744
2020/2021;Roma Link Campus;5817;F;182
2020/2021;Roma Link Campus;5817;M;479
2020/2021;Roma LUISS;5805;F;4548
2020/2021;Roma LUISS;5805;M;5166
2020/2021;Roma LUMSA;5803;F;4760
2020/2021;Roma LUMSA;5803;M;1981
2020/2021;Roma Marconi - telematica;5810;F;6009
2020/2021;Roma Marconi - telematica;5810;M;5200
2020/2021;Roma Saint Camillus;5818;F;705
2020/2021;Roma Saint Camillus;5818;M;414
2020/2021;Roma San Raffaele - telematica;5816;F;3719
2020/2021;Roma San Raffaele - telematica;5816;M;4240
2020/2021;Roma Tor Vergata;5802;F;14819
2020/2021;Roma Tor Vergata;5802;M;12698
2020/2021;Roma Tre;5807;F;19093
2020/2021;Roma Tre;5807;M;12700
2020/2021;Roma UNICUSANO - telematica;5815;F;11542
2020/2021;Roma UNICUSANO - telematica;5815;M;14754
2020/2021;Roma UNINETTUNO - telematica;5813;F;6966
2020/2021;Roma UNINETTUNO - telematica;5813;M;9474
2020/2021;Roma UNINT;5809;F;1540
2020/2021;Roma UNINT;5809;M;371
2020/2021;Roma UNITELMA - telematica;5811;F;1448
2020/2021;Roma UNITELMA - telematica;5811;M;1414
2020/2021;Rozzano (MI) Humanitas University;1510;F;903
2020/2021;Rozzano (MI) Humanitas University;1510;M;530
2020/2021;Salento;7501;F;11305
2020/2021;Salento;7501;M;6994
2020/2021;Salerno;6501;F;19269
2020/2021;Salerno;6501;M;15454
2020/2021;Sannio;6201;F;2068
2020/2021;Sannio;6201;M;2002
2020/2021;Sassari;9001;F;8461
2020/2021;Sassari;9001;M;5011
2020/2021;Siena;5201;F;9761
2020/2021;Siena;5201;M;6150
2020/2021;Siena Stranieri;5202;F;1845
2020/2021;Siena Stranieri;5202;M;387
2020/2021;Teramo;6701;F;3146
2020/2021;Teramo;6701;M;2390
2020/2021;Torino;101;F;47686
2020/2021;Torino;101;M;29845
2020/2021;Torino Politecnico;102;F;9689
2020/2021;Torino Politecnico;102;M;23445
2020/2021;Torrevecchia Teatina Leonardo da Vinci - telematica;6902;F;28
2020/2021;Torrevecchia Teatina Leonardo da Vinci - telematica;6902;M;17
2020/2021;Trento;2201;F;8472
2020/2021;Trento;2201;M;8138
2020/2021;Trieste;3201;F;9033
2020/2021;Trieste;3201;M;6758
2020/2021;Tuscia;5601;F;4040
2020/2021;Tuscia;5601;M;3847
2020/2021;Udine;3001;F;7927
2020/2021;Udine;3001;M;7025
2020/2021;Urbino;4101;F;9383
2020/2021;Urbino;4101;M;5422
2020/2021;Venezia Cà Foscari;2701;F;13250
2020/2021;Venezia Cà Foscari;2701;M;7558
2020/2021;Venezia Iuav;2702;F;2228
2020/2021;Venezia Iuav;2702;M;1731
2020/2021;Verona;2301;F;15016
2020/2021;Verona;2301;M;8265
2019/2020;Aosta;701;F;701
2019/2020;Aosta;701;M;317
2019/2020;Bari;7201;F;26510
2019/2020;Bari;7201;M;15746
2019/2020;Bari Politecnico;7202;F;3049
2019/2020;Bari Politecnico;7202;M;6820
2019/2020;Basilicata;7601;F;3596
2019/2020;Basilicata;7601;M;2684
2019/2020;Benevento Giustino Fortunato - telematica;6202;F;623
2019/2020;Benevento Giustino Fortunato - telematica;6202;M;646
2019/2020;Bergamo;1601;F;13221
2019/2020;Bergamo;1601;M;7881
2019/2020;Bologna;3701;F;44565
2019/2020;Bologna;3701;M;35472
2019/2020;Bolzano;2101;F;2736
2019/2020;Bolzano;2101;M;1218
2019/2020;Bra Scienze Gastronomiche;401;F;180
2019/2020;Bra Scienze Gastronomiche;401;M;192
2019/2020;Brescia;1701;F;6591
2019/2020;Brescia;1701;M;7830
2019/2020;Cagliari;9201;F;14721
2019/2020;Cagliari;9201;M;10466
2019/2020;Calabria;7801;F;14215
2019/2020;Calabria;7801;M;10233
2019/2020;Camerino;4302;F;3098
2019/2020;Camerino;4302;M;3220
2019/2020;Casamassima - G.Degennaro;7203;F;654
2019/2020;Casamassima - G.Degennaro;7203;M;942
2019/2020;Cassino;6001;F;3784
2019/2020;Cassino;6001;M;3271
2019/2020;Castellanza LIUC;1201;F;877
2019/2020;Castellanza LIUC;1201;M;1611
2019/2020;Catania;8701;F;21642
2019/2020;Catania;8701;M;16335
2019/2020;Catanzaro;7901;F;6711
2019/2020;Catanzaro;7901;M;4207
2019/2020;Chieti e Pescara;6901;F;14738
2019/2020;Chieti e Pescara;6901;M;8128
2019/2020;Enna KORE;8601;F;3161
2019/2020;Enna KORE;8601;M;1599
2019/2020;Ferrara;3801;F;13452
2019/2020;Ferrara;3801;M;9303
2019/2020;Firenze;4801;F;29875
2019/2020;Firenze;4801;M;22100
2019/2020;Firenze IUL - telematica;4804;F;287
2019/2020;Firenze IUL - telematica;4804;M;106
2019/2020;Foggia;7101;F;6540
2019/2020;Foggia;7101;M;3916
2019/2020;Genova;1001;F;16966
2019/2020;Genova;1001;M;13578
2019/2020;Insubria;1202;F;6139
2019/2020;Insubria;1202;M;5252
2019/2020;L'Aquila;6601;F;8658
2019/2020;L'Aquila;6601;M;7070
2019/2020;Macerata;4301;F;7346
2019/2020;Macerata;4301;M;2615
2019/2020;Marche;4201;F;6731
2019/2020;Marche;4201;M;8244
2019/2020;Messina;8301;F;14229
2019/2020;Messina;8301;M;8332
2019/2020;Milano;1501;F;35976
2019/2020;Milano;1501;M;25182
2019/2020;Milano Bicocca;1509;F;20403
2019/2020;Milano Bicocca;1509;M;13226
2019/2020;Milano Bocconi;1503;F;5627
2019/2020;Milano Bocconi;1503;M;7952
2019/2020;Milano Cattolica;1504;F;27339
2019/2020;Milano Cattolica;1504;M;13923
2019/2020;Milano IULM;1505;F;4912
2019/2020;Milano IULM;1505;M;1873
2019/2020;Milano Politecnico;1502;F;15303
2019/2020;Milano Politecnico;1502;M;30131
2019/2020;Milano San Raffaele;1508;F;1837
2019/2020;Milano San Raffaele;1508;M;1125
2019/2020;Modena e Reggio Emilia;3601;F;14109
2019/2020;Modena e Reggio Emilia;3601;M;12564
2019/2020;Molise;7001;F;3900
2019/2020;Molise;7001;M;2806
2019/2020;Napoli Benincasa;6304;F;7177
2019/2020;Napoli Benincasa;6304;M;1253
2019/2020;Napoli Federico II;6301;F;40966
2019/2020;Napoli Federico II;6301;M;33240
2019/2020;Napoli L'Orientale;6303;F;9250
2019/2020;Napoli L'Orientale;6303;M;2334
2019/2020;Napoli Parthenope;6302;F;4655
2019/2020;Napoli Parthenope;6302;M;6134
2019/2020;Napoli Pegaso - telematica;6307;F;23447
2019/2020;Napoli Pegaso - telematica;6307;M;30509
2019/2020;Napoli Vanvitelli;6306;F;13387
2019/2020;Napoli Vanvitelli;6306;M;9393
2019/2020;Novedrate e-Campus - telematica;1301;F;11488
2019/2020;Novedrate e-Campus - telematica;1301;M;10469
2019/2020;Padova;2801;F;31719
2019/2020;Padova;2801;M;28275
2019/2020;Palermo;8201;F;23699
2019/2020;Palermo;8201;M;16992
2019/2020;Parma;3401;F;15406
2019/2020;Parma;3401;M;11294
2019/2020;Pavia;1801;F;12995
2019/2020;Pavia;1801;M;10315
2019/2020;Perugia;5401;F;13586
2019/2020;Perugia;5401;M;9916
2019/2020;Perugia Stranieri;5403;F;714
2019/2020;Perugia Stranieri;5403;M;380
2019/2020;Piemonte Orientale;201;F;7951
2019/2020;Piemonte Orientale;201;M;5182
2019/2020;Pisa;5001;F;22737
2019/2020;Pisa;5001;M;21559
2019/2020;Reggio Calabria;8001;F;2535
2019/2020;Reggio Calabria;8001;M;2329
2019/2020;Reggio Calabria - Dante Alighieri;8003;F;563
2019/2020;Reggio Calabria - Dante Alighieri;8003;M;127
2019/2020;Roma  Mercatorum - telematica;5814;F;2028
2019/2020;Roma  Mercatorum - telematica;5814;M;4233
2019/2020;Roma Biomedico;5808;F;1232
2019/2020;Roma Biomedico;5808;M;786
2019/2020;Roma Europea;5812;F;1074
2019/2020;Roma Europea;5812;M;420
2019/2020;Roma Foro Italico;5806;F;567
2019/2020;Roma Foro Italico;5806;M;1519
2019/2020;Roma La Sapienza;5801;F;59576
2019/2020;Roma La Sapienza;5801;M;44076
2019/2020;Roma Link Campus;5817;F;269
2019/2020;Roma Link Campus;5817;M;646
2019/2020;Roma LUISS;5805;F;4313
2019/2020;Roma LUISS;5805;M;5155
2019/2020;Roma LUMSA;5803;F;4254
2019/2020;Roma LUMSA;5803;M;1891
2019/2020;Roma Marconi - telematica;5810;F;5261
2019/2020;Roma Marconi - telematica;5810;M;5002
2019/2020;Roma Saint Camillus;5818;F;362
2019/2020;Roma Saint Camillus;5818;M;195
2019/2020;Roma San Raffaele - telematica;5816;F;2933
2019/2020;Roma San Raffaele - telematica;5816;M;3774
2019/2020;Roma Tor Vergata;5802;F;14285
2019/2020;Roma Tor Vergata;5802;M;12568
2019/2020;Roma Tre;5807;F;18319
2019/2020;Roma Tre;5807;M;12501
2019/2020;Roma UNICUSANO - telematica;5815;F;11255
2019/2020;Roma UNICUSANO - telematica;5815;M;15326
2019/2020;Roma UNINETTUNO - telematica;5813;F;6215
2019/2020;Roma UNINETTUNO - telematica;5813;M;9127
2019/2020;Roma UNINT;5809;F;1416
2019/2020;Roma UNINT;5809;M;351
2019/2020;Roma UNITELMA - telematica;5811;F;1107
2019/2020;Roma UNITELMA - telematica;5811;M;1135
2019/2020;Rozzano (MI) Humanitas University;1510;F;757
2019/2020;Rozzano (MI) Humanitas University;1510;M;424
2019/2020;Salento;7501;F;10786
2019/2020;Salento;7501;M;6656
2019/2020;Salerno;6501;F;19500
2019/2020;Salerno;6501;M;15642
2019/2020;Sannio;6201;F;2224
2019/2020;Sannio;6201;M;2075
2019/2020;Sassari;9001;F;8385
2019/2020;Sassari;9001;M;4925
2019/2020;Siena;5201;F;9338
2019/2020;Siena;5201;M;6095
2019/2020;Siena Stranieri;5202;F;1804
2019/2020;Siena Stranieri;5202;M;370
2019/2020;Teramo;6701;F;3136
2019/2020;Teramo;6701;M;2357
2019/2020;Torino;101;F;45904
2019/2020;Torino;101;M;29092
2019/2020;Torino Politecnico;102;F;9482
2019/2020;Torino Politecnico;102;M;23557
2019/2020;Torrevecchia Teatina Leonardo da Vinci - telematica;6902;F;37
2019/2020;Torrevecchia Teatina Leonardo da Vinci - telematica;6902;M;22
2019/2020;Trento;2201;F;8551
2019/2020;Trento;2201;M;8228
2019/2020;Trieste;3201;F;8879
2019/2020;Trieste;3201;M;6629
2019/2020;Tuscia;5601;F;4059
2019/2020;Tuscia;5601;M;3865
2019/2020;Udine;3001;F;7727
2019/2020;Udine;3001;M;7120
2019/2020;Urbino;4101;F;9046
2019/2020;Urbino;4101;M;5471
2019/2020;Venezia Cà Foscari;2701;F;13514
2019/2020;Venezia Cà Foscari;2701;M;7563
2019/2020;Venezia Iuav;2702;F;2124
2019/2020;Venezia Iuav;2702;M;1693
2019/2020;Verona;2301;F;14471
2019/2020;Verona;2301;M;7945
2018/2019;Aosta;701;F;708
2018/2019;Aosta;701;M;315
2018/2019;Bari;7201;F;26756
2018/2019;Bari;7201;M;15985
2018/2019;Bari Politecnico;7202;F;3009
2018/2019;Bari Politecnico;7202;M;6811
2018/2019;Basilicata;7601;F;3712
2018/2019;Basilicata;7601;M;2706
2018/2019;Benevento Giustino Fortunato - telematica;6202;F;392
2018/2019;Benevento Giustino Fortunato - telematica;6202;M;551
2018/2019;Bergamo;1601;F;12037
2018/2019;Bergamo;1601;M;7410
2018/2019;Bologna;3701;F;44743
2018/2019;Bologna;3701;M;35393
2018/2019;Bolzano;2101;F;2558
2018/2019;Bolzano;2101;M;1198
2018/2019;Bra Scienze Gastronomiche;401;F;168
2018/2019;Bra Scienze Gastronomiche;401;M;192
2018/2019;Brescia;1701;F;6375
2018/2019;Brescia;1701;M;7593
2018/2019;Cagliari;9201;F;14577
2018/2019;Cagliari;9201;M;10277
2018/2019;Calabria;7801;F;14610
2018/2019;Calabria;7801;M;10688
2018/2019;Camerino;4302;F;3399
2018/2019;Camerino;4302;M;3434
2018/2019;Casamassima - G.Degennaro;7203;F;599
2018/2019;Casamassima - G.Degennaro;7203;M;903
2018/2019;Cassino;6001;F;3970
2018/2019;Cassino;6001;M;3372
2018/2019;Castellanza LIUC;1201;F;794
2018/2019;Castellanza LIUC;1201;M;1491
2018/2019;Catania;8701;F;22372
2018/2019;Catania;8701;M;16686
2018/2019;Catanzaro;7901;F;6615
2018/2019;Catanzaro;7901;M;4163
2018/2019;Chieti e Pescara;6901;F;15096
2018/2019;Chieti e Pescara;6901;M;8573
2018/2019;Enna KORE;8601;F;3159
2018/2019;Enna KORE;8601;M;1662
2018/2019;Ferrara;3801;F;11810
2018/2019;Ferrara;3801;M;8505
2018/2019;Firenze;4801;F;29880
2018/2019;Firenze;4801;M;21811
2018/2019;Firenze IUL - telematica;4804;F;201
2018/2019;Firenze IUL - telematica;4804;M;73
2018/2019;Foggia;7101;F;6427
2018/2019;Foggia;7101;M;3929
2018/2019;Genova;1001;F;16758
2018/2019;Genova;1001;M;13525
2018/2019;Insubria;1202;F;5828
2018/2019;Insubria;1202;M;4874
2018/2019;L'Aquila;6601;F;8889
2018/2019;L'Aquila;6601;M;7022
2018/2019;Macerata;4301;F;7438
2018/2019;Macerata;4301;M;2759
2018/2019;Marche;4201;F;6719
2018/2019;Marche;4201;M;8286
2018/2019;Messina;8301;F;14092
2018/2019;Messina;8301;M;8346
2018/2019;Milano;1501;F;34750
2018/2019;Milano;1501;M;24682
2018/2019;Milano Bicocca;1509;F;20256
2018/2019;Milano Bicocca;1509;M;12886
2018/2019;Milano Bocconi;1503;F;5774
2018/2019;Milano Bocconi;1503;M;7768
2018/2019;Milano Cattolica;1504;F;26170
2018/2019;Milano Cattolica;1504;M;13723
2018/2019;Milano IULM;1505;F;4453
2018/2019;Milano IULM;1505;M;1797
2018/2019;Milano Politecnico;1502;F;14857
2018/2019;Milano Politecnico;1502;M;29787
2018/2019;Milano San Raffaele;1508;F;1719
2018/2019;Milano San Raffaele;1508;M;1084
2018/2019;Modena e Reggio Emilia;3601;F;13265
2018/2019;Modena e Reggio Emilia;3601;M;11681
2018/2019;Molise;7001;F;3984
2018/2019;Molise;7001;M;2823
2018/2019;Napoli Benincasa;6304;F;7050
2018/2019;Napoli Benincasa;6304;M;1220
2018/2019;Napoli Federico II;6301;F;41101
2018/2019;Napoli Federico II;6301;M;33580
2018/2019;Napoli L'Orientale;6303;F;9227
2018/2019;Napoli L'Orientale;6303;M;2363
2018/2019;Napoli Parthenope;6302;F;4891
2018/2019;Napoli Parthenope;6302;M;6468
2018/2019;Napoli Pegaso - telematica;6307;F;16551
2018/2019;Napoli Pegaso - telematica;6307;M;23240
2018/2019;Napoli Vanvitelli;6306;F;13977
2018/2019;Napoli Vanvitelli;6306;M;9928
2018/2019;Novedrate e-Campus - telematica;1301;F;8006
2018/2019;Novedrate e-Campus - telematica;1301;M;7653
2018/2019;Padova;2801;F;31075
2018/2019;Padova;2801;M;27714
2018/2019;Palermo;8201;F;22876
2018/2019;Palermo;8201;M;16584
2018/2019;Parma;3401;F;14731
2018/2019;Parma;3401;M;11031
2018/2019;Pavia;1801;F;12802
2018/2019;Pavia;1801;M;10306
2018/2019;Perugia;5401;F;13389
2018/2019;Perugia;5401;M;10101
2018/2019;Perugia Stranieri;5403;F;671
2018/2019;Perugia Stranieri;5403;M;380
2018/2019;Piemonte Orientale;201;F;7733
2018/2019;Piemonte Orientale;201;M;4914
2018/2019;Pisa;5001;F;22719
2018/2019;Pisa;5001;M;21647
2018/2019;Reggio Calabria;8001;F;2492
2018/2019;Reggio Calabria;8001;M;2443
2018/2019;Reggio Calabria - Dante Alighieri;8003;F;641
2018/2019;Reggio Calabria - Dante Alighieri;8003;M;140
2018/2019;Roma  Mercatorum - telematica;5814;F;888
2018/2019;Roma  Mercatorum - telematica;5814;M;2553
2018/2019;Roma Biomedico;5808;F;1132
2018/2019;Roma Biomedico;5808;M;709
2018/2019;Roma Europea;5812;F;851
2018/2019;Roma Europea;5812;M;389
2018/2019;Roma Foro Italico;5806;F;555
2018/2019;Roma Foro Italico;5806;M;1576
2018/2019;Roma La Sapienza;5801;F;58360
2018/2019;Roma La Sapienza;5801;M;43529
2018/2019;Roma Link Campus;5817;F;472
2018/2019;Roma Link Campus;5817;M;1378
2018/2019;Roma LUISS;5805;F;4218
2018/2019;Roma LUISS;5805;M;5070
2018/2019;Roma LUMSA;5803;F;3984
2018/2019;Roma LUMSA;5803;M;1756
2018/2019;Roma Marconi - telematica;5810;F;4868
2018/2019;Roma Marconi - telematica;5810;M;4758
2018/2019;Roma Saint Camillus;5818;F;128
2018/2019;Roma Saint Camillus;5818;M;72
2018/2019;Roma San Raffaele - telematica;5816;F;2378
2018/2019;Roma San Raffaele - telematica;5816;M;3094
2018/2019;Roma Tor Vergata;5802;F;14534
2018/2019;Roma Tor Vergata;5802;M;13287
2018/2019;Roma Tre;5807;F;18492
2018/2019;Roma Tre;5807;M;12700
2018/2019;Roma UNICUSANO - telematica;5815;F;10122
2018/2019;Roma UNICUSANO - telematica;5815;M;14931
2018/2019;Roma UNINETTUNO - telematica;5813;F;5271
2018/2019;Roma UNINETTUNO - telematica;5813;M;7916
2018/2019;Roma UNINT;5809;F;1203
2018/2019;Roma UNINT;5809;M;333
2018/2019;Roma UNITELMA - telematica;5811;F;833
2018/2019;Roma UNITELMA - telematica;5811;M;915
2018/2019;Rozzano (MI) Humanitas University;1510;F;611
2018/2019;Rozzano (MI) Humanitas University;1510;M;339
2018/2019;Salento;7501;F;10577
2018/2019;Salento;7501;M;6433
2018/2019;Salerno;6501;F;19918
2018/2019;Salerno;6501;M;15428
2018/2019;Sannio;6201;F;2389
2018/2019;Sannio;6201;M;2245
2018/2019;Sassari;9001;F;8349
2018/2019;Sassari;9001;M;4891
2018/2019;Siena;5201;F;9266
2018/2019;Siena;5201;M;6419
2018/2019;Siena Stranieri;5202;F;1769
2018/2019;Siena Stranieri;5202;M;386
2018/2019;Teramo;6701;F;3125
2018/2019;Teramo;6701;M;2397
2018/2019;Torino;101;F;44590
2018/2019;Torino;101;M;28282
2018/2019;Torino Politecnico;102;F;9192
2018/2019;Torino Politecnico;102;M;23312
2018/2019;Torrevecchia Teatina Leonardo da Vinci - telematica;6902;F;41
2018/2019;Torrevecchia Teatina Leonardo da Vinci - telematica;6902;M;31
2018/2019;Trento;2201;F;8369
2018/2019;Trento;2201;M;8150
2018/2019;Trieste;3201;F;8646
2018/2019;Trieste;3201;M;6685
2018/2019;Tuscia;5601;F;3869
2018/2019;Tuscia;5601;M;3913
2018/2019;Udine;3001;F;7740
2018/2019;Udine;3001;M;7114
2018/2019;Urbino;4101;F;8836
2018/2019;Urbino;4101;M;5409
2018/2019;Venezia Cà Foscari;2701;F;13361
2018/2019;Venezia Cà Foscari;2701;M;7430
2018/2019;Venezia Iuav;2702;F;2151
2018/2019;Venezia Iuav;2702;M;1817
2018/2019;Verona;2301;F;14617
2018/2019;Verona;2301;M;8123
2017/2018;Aosta;701;F;749
2017/2018;Aosta;701;M;301
2017/2018;Bari;7201;F;27062
2017/2018;Bari;7201;M;16232
2017/2018;Bari Politecnico;7202;F;3044
2017/2018;Bari Politecnico;7202;M;6713
2017/2018;Basilicata;7601;F;3769
2017/2018;Basilicata;7601;M;2814
2017/2018;Benevento Giustino Fortunato - telematica;6202;F;281
2017/2018;Benevento Giustino Fortunato - telematica;6202;M;542
2017/2018;Bergamo;1601;F;11140
2017/2018;Bergamo;1601;M;6952
2017/2018;Bologna;3701;F;44118
2017/2018;Bologna;3701;M;35401
2017/2018;Bolzano;2101;F;2501
2017/2018;Bolzano;2101;M;1180
2017/2018;Bra Scienze Gastronomiche;401;F;161
2017/2018;Bra Scienze Gastronomiche;401;M;179
2017/2018;Brescia;1701;F;6407
2017/2018;Brescia;1701;M;7564
2017/2018;Cagliari;9201;F;14775
2017/2018;Cagliari;9201;M;10386
2017/2018;Calabria;7801;F;15089
2017/2018;Calabria;7801;M;10961
2017/2018;Camerino;4302;F;3399
2017/2018;Camerino;4302;M;3386
2017/2018;Casamassima - G.Degennaro;7203;F;603
2017/2018;Casamassima - G.Degennaro;7203;M;950
2017/2018;Cassino;6001;F;3883
2017/2018;Cassino;6001;M;3347
2017/2018;Castellanza LIUC;1201;F;745
2017/2018;Castellanza LIUC;1201;M;1364
2017/2018;Catania;8701;F;24005
2017/2018;Catania;8701;M;17350
2017/2018;Catanzaro;7901;F;6443
2017/2018;Catanzaro;7901;M;4151
2017/2018;Chieti e Pescara;6901;F;15402
2017/2018;Chieti e Pescara;6901;M;8799
2017/2018;Enna KORE;8601;F;3327
2017/2018;Enna KORE;8601;M;1855
2017/2018;Ferrara;3801;F;10553
2017/2018;Ferrara;3801;M;7849
2017/2018;Firenze;4801;F;30315
2017/2018;Firenze;4801;M;21395
2017/2018;Firenze IUL - telematica;4804;F;160
2017/2018;Firenze IUL - telematica;4804;M;65
2017/2018;Foggia;7101;F;6333
2017/2018;Foggia;7101;M;3859
2017/2018;Genova;1001;F;17469
2017/2018;Genova;1001;M;14501
2017/2018;Insubria;1202;F;5398
2017/2018;Insubria;1202;M;4645
2017/2018;L'Aquila;6601;F;9126
2017/2018;L'Aquila;6601;M;7095
2017/2018;Macerata;4301;F;7277
2017/2018;Macerata;4301;M;2766
2017/2018;Marche;4201;F;6856
2017/2018;Marche;4201;M;8345
2017/2018;Messina;8301;F;14319
2017/2018;Messina;8301;M;8598
2017/2018;Milano;1501;F;35244
2017/2018;Milano;1501;M;25367
2017/2018;Milano Bicocca;1509;F;20230
2017/2018;Milano Bicocca;1509;M;12948
2017/2018;Milano Bocconi;1503;F;5908
2017/2018;Milano Bocconi;1503;M;7521
2017/2018;Milano Cattolica;1504;F;25041
2017/2018;Milano Cattolica;1504;M;13454
2017/2018;Milano IULM;1505;F;4062
2017/2018;Milano IULM;1505;M;1670
2017/2018;Milano Politecnico;1502;F;14511
2017/2018;Milano Politecnico;1502;M;29162
2017/2018;Milano San Raffaele;1508;F;1579
2017/2018;Milano San Raffaele;1508;M;1022
2017/2018;Modena e Reggio Emilia;3601;F;12528
2017/2018;Modena e Reggio Emilia;3601;M;11232
2017/2018;Molise;7001;F;4096
2017/2018;Molise;7001;M;2797
2017/2018;Napoli Benincasa;6304;F;7047
2017/2018;Napoli Benincasa;6304;M;1218
2017/2018;Napoli Federico II;6301;F;41463
2017/2018;Napoli Federico II;6301;M;33777
2017/2018;Napoli L'Orientale;6303;F;8845
2017/2018;Napoli L'Orientale;6303;M;2377
2017/2018;Napoli Parthenope;6302;F;5227
2017/2018;Napoli Parthenope;6302;M;6870
2017/2018;Napoli Pegaso - telematica;6307;F;11716
2017/2018;Napoli Pegaso - telematica;6307;M;18116
2017/2018;Napoli Vanvitelli;6306;F;14343
2017/2018;Napoli Vanvitelli;6306;M;10405
2017/2018;Novedrate e-Campus - telematica;1301;F;5702
2017/2018;Novedrate e-Campus - telematica;1301;M;5679
2017/2018;Padova;2801;F;30764
2017/2018;Padova;2801;M;27295
2017/2018;Palermo;8201;F;22800
2017/2018;Palermo;8201;M;16511
2017/2018;Parma;3401;F;13991
2017/2018;Parma;3401;M;10803
2017/2018;Pavia;1801;F;12175
2017/2018;Pavia;1801;M;9830
2017/2018;Perugia;5401;F;13101
2017/2018;Perugia;5401;M;9878
2017/2018;Perugia Stranieri;5403;F;614
2017/2018;Perugia Stranieri;5403;M;321
2017/2018;Piemonte Orientale;201;F;7386
2017/2018;Piemonte Orientale;201;M;4746
2017/2018;Pisa;5001;F;22665
2017/2018;Pisa;5001;M;21644
2017/2018;Reggio Calabria;8001;F;2627
2017/2018;Reggio Calabria;8001;M;2641
2017/2018;Reggio Calabria - Dante Alighieri;8003;F;710
2017/2018;Reggio Calabria - Dante Alighieri;8003;M;151
2017/2018;Roma  Mercatorum - telematica;5814;F;394
2017/2018;Roma  Mercatorum - telematica;5814;M;1543
2017/2018;Roma Biomedico;5808;F;1088
2017/2018;Roma Biomedico;5808;M;693
2017/2018;Roma Europea;5812;F;667
2017/2018;Roma Europea;5812;M;337
2017/2018;Roma Foro Italico;5806;F;572
2017/2018;Roma Foro Italico;5806;M;1602
2017/2018;Roma La Sapienza;5801;F;57310
2017/2018;Roma La Sapienza;5801;M;43020
2017/2018;Roma Link Campus;5817;F;524
2017/2018;Roma Link Campus;5817;M;1352
2017/2018;Roma LUISS;5805;F;4144
2017/2018;Roma LUISS;5805;M;4901
2017/2018;Roma LUMSA;5803;F;3895
2017/2018;Roma LUMSA;5803;M;1746
2017/2018;Roma Marconi - telematica;5810;F;4403
2017/2018;Roma Marconi - telematica;5810;M;4757
2017/2018;Roma San Raffaele - telematica;5816;F;1838
2017/2018;Roma San Raffaele - telematica;5816;M;2399
2017/2018;Roma Tor Vergata;5802;F;14783
2017/2018;Roma Tor Vergata;5802;M;13834
2017/2018;Roma Tre;5807;F;18866
2017/2018;Roma Tre;5807;M;13085
2017/2018;Roma UNICUSANO - telematica;5815;F;9408
2017/2018;Roma UNICUSANO - telematica;5815;M;14185
2017/2018;Roma UNINETTUNO - telematica;5813;F;4534
2017/2018;Roma UNINETTUNO - telematica;5813;M;6984
2017/2018;Roma UNINT;5809;F;1004
2017/2018;Roma UNINT;5809;M;298
2017/2018;Roma UNITELMA - telematica;5811;F;785
2017/2018;Roma UNITELMA - telematica;5811;M;852
2017/2018;Rozzano (MI) Humanitas University;1510;F;439
2017/2018;Rozzano (MI) Humanitas University;1510;M;288
2017/2018;Salento;7501;F;10407
2017/2018;Salento;7501;M;6210
2017/2018;Salerno;6501;F;20214
2017/2018;Salerno;6501;M;15358
2017/2018;Sannio;6201;F;2489
2017/2018;Sannio;6201;M;2349
2017/2018;Sassari;9001;F;8331
2017/2018;Sassari;9001;M;4790
2017/2018;Siena;5201;F;9148
2017/2018;Siena;5201;M;6591
2017/2018;Siena Stranieri;5202;F;1670
2017/2018;Siena Stranieri;5202;M;401
2017/2018;Teramo;6701;F;3350
2017/2018;Teramo;6701;M;2505
2017/2018;Torino;101;F;43529
2017/2018;Torino;101;M;28060
2017/2018;Torino Politecnico;102;F;8998
2017/2018;Torino Politecnico;102;M;22904
2017/2018;Torrevecchia Teatina Leonardo da Vinci - telematica;6902;F;54
2017/2018;Torrevecchia Teatina Leonardo da Vinci - telematica;6902;M;45
2017/2018;Trento;2201;F;8190
2017/2018;Trento;2201;M;8063
2017/2018;Trieste;3201;F;8441
2017/2018;Trieste;3201;M;6702
2017/2018;Tuscia;5601;F;3957
2017/2018;Tuscia;5601;M;4150
2017/2018;Udine;3001;F;7716
2017/2018;Udine;3001;M;7187
2017/2018;Urbino;4101;F;8719
2017/2018;Urbino;4101;M;5421
2017/2018;Venezia Cà Foscari;2701;F;13104
2017/2018;Venezia Cà Foscari;2701;M;7224
2017/2018;Venezia Iuav;2702;F;2109
2017/2018;Venezia Iuav;2702;M;1890
2017/2018;Verona;2301;F;15120
2017/2018;Verona;2301;M;8348
2016/2017;Aosta;701;F;770
2016/2017;Aosta;701;M;289
2016/2017;Bari;7201;F;27662
2016/2017;Bari;7201;M;16685
2016/2017;Bari Politecnico;7202;F;3004
2016/2017;Bari Politecnico;7202;M;6644
2016/2017;Basilicata;7601;F;3835
2016/2017;Basilicata;7601;M;2875
2016/2017;Benevento Giustino Fortunato - telematica;6202;F;284
2016/2017;Benevento Giustino Fortunato - telematica;6202;M;497
2016/2017;Bergamo;1601;F;10425
2016/2017;Bergamo;1601;M;6374
2016/2017;Bologna;3701;F;43531
2016/2017;Bologna;3701;M;34991
2016/2017;Bolzano;2101;F;2246
2016/2017;Bolzano;2101;M;1047
2016/2017;Bra Scienze Gastronomiche;401;F;153
2016/2017;Bra Scienze Gastronomiche;401;M;166
2016/2017;Brescia;1701;F;6381
2016/2017;Brescia;1701;M;7515
2016/2017;Cagliari;9201;F;15376
2016/2017;Cagliari;9201;M;10606
2016/2017;Calabria;7801;F;15597
2016/2017;Calabria;7801;M;11056
2016/2017;Camerino;4302;F;3467
2016/2017;Camerino;4302;M;3474
2016/2017;Casamassima - G.Degennaro;7203;F;519
2016/2017;Casamassima - G.Degennaro;7203;M;848
2016/2017;Cassino;6001;F;4101
2016/2017;Cassino;6001;M;3495
2016/2017;Castellanza LIUC;1201;F;729
2016/2017;Castellanza LIUC;1201;M;1311
2016/2017;Catania;8701;F;24780
2016/2017;Catania;8701;M;17429
2016/2017;Catanzaro;7901;F;6253
2016/2017;Catanzaro;7901;M;4102
2016/2017;Chieti e Pescara;6901;F;15876
2016/2017;Chieti e Pescara;6901;M;9069
2016/2017;Enna KORE;8601;F;3498
2016/2017;Enna KORE;8601;M;2016
2016/2017;Ferrara;3801;F;8599
2016/2017;Ferrara;3801;M;6959
2016/2017;Firenze;4801;F;30027
2016/2017;Firenze;4801;M;21005
2016/2017;Firenze IUL - telematica;4804;F;149
2016/2017;Firenze IUL - telematica;4804;M;47
2016/2017;Foggia;7101;F;6014
2016/2017;Foggia;7101;M;3761
2016/2017;Genova;1001;F;17221
2016/2017;Genova;1001;M;14252
2016/2017;Insubria;1202;F;5059
2016/2017;Insubria;1202;M;4273
2016/2017;L'Aquila;6601;F;9616
2016/2017;L'Aquila;6601;M;7435
2016/2017;Macerata;4301;F;7295
2016/2017;Macerata;4301;M;2892
2016/2017;Marche;4201;F;6986
2016/2017;Marche;4201;M;8329
2016/2017;Messina;8301;F;14346
2016/2017;Messina;8301;M;8510
2016/2017;Milano;1501;F;34925
2016/2017;Milano;1501;M;24811
2016/2017;Milano Bicocca;1509;F;20024
2016/2017;Milano Bicocca;1509;M;12706
2016/2017;Milano Bocconi;1503;F;6121
2016/2017;Milano Bocconi;1503;M;7148
2016/2017;Milano Cattolica;1504;F;23909
2016/2017;Milano Cattolica;1504;M;13248
2016/2017;Milano IULM;1505;F;3714
2016/2017;Milano IULM;1505;M;1502
2016/2017;Milano Politecnico;1502;F;14037
2016/2017;Milano Politecnico;1502;M;28401
2016/2017;Milano San Raffaele;1508;F;1465
2016/2017;Milano San Raffaele;1508;M;993
2016/2017;Modena e Reggio Emilia;3601;F;11732
2016/2017;Modena e Reggio Emilia;3601;M;10427
2016/2017;Molise;7001;F;4085
2016/2017;Molise;7001;M;2851
2016/2017;Napoli Benincasa;6304;F;7001
2016/2017;Napoli Benincasa;6304;M;1186
2016/2017;Napoli Federico II;6301;F;42446
2016/2017;Napoli Federico II;6301;M;34349
2016/2017;Napoli L'Orientale;6303;F;8576
2016/2017;Napoli L'Orientale;6303;M;2376
2016/2017;Napoli Parthenope;6302;F;5632
2016/2017;Napoli Parthenope;6302;M;7362
2016/2017;Napoli Pegaso - telematica;6307;F;7354
2016/2017;Napoli Pegaso - telematica;6307;M;12879
2016/2017;Napoli Vanvitelli;6306;F;14797
2016/2017;Napoli Vanvitelli;6306;M;10606
2016/2017;Novedrate e-Campus - telematica;1301;F;4512
2016/2017;Novedrate e-Campus - telematica;1301;M;4578
2016/2017;Padova;2801;F;30950
2016/2017;Padova;2801;M;27062
2016/2017;Palermo;8201;F;23210
2016/2017;Palermo;8201;M;16618
2016/2017;Parma;3401;F;13394
2016/2017;Parma;3401;M;10492
2016/2017;Pavia;1801;F;11831
2016/2017;Pavia;1801;M;9539
2016/2017;Perugia;5401;F;13028
2016/2017;Perugia;5401;M;9919
2016/2017;Perugia Stranieri;5403;F;551
2016/2017;Perugia Stranieri;5403;M;330
2016/2017;Piemonte Orientale;201;F;7153
2016/2017;Piemonte Orientale;201;M;4591
2016/2017;Pisa;5001;F;23238
2016/2017;Pisa;5001;M;21980
2016/2017;Reggio Calabria;8001;F;2943
2016/2017;Reggio Calabria;8001;M;2904
2016/2017;Reggio Calabria - Dante Alighieri;8003;F;795
2016/2017;Reggio Calabria - Dante Alighieri;8003;M;158
2016/2017;Roma  Mercatorum - telematica;5814;F;221
2016/2017;Roma  Mercatorum - telematica;5814;M;505
2016/2017;Roma Biomedico;5808;F;1005
2016/2017;Roma Biomedico;5808;M;677
2016/2017;Roma Europea;5812;F;526
2016/2017;Roma Europea;5812;M;314
2016/2017;Roma Foro Italico;5806;F;582
2016/2017;Roma Foro Italico;5806;M;1611
2016/2017;Roma La Sapienza;5801;F;57530
2016/2017;Roma La Sapienza;5801;M;42903
2016/2017;Roma Link Campus;5817;F;549
2016/2017;Roma Link Campus;5817;M;1237
2016/2017;Roma LUISS;5805;F;3985
2016/2017;Roma LUISS;5805;M;4685
2016/2017;Roma LUMSA;5803;F;3848
2016/2017;Roma LUMSA;5803;M;1767
2016/2017;Roma Marconi - telematica;5810;F;4314
2016/2017;Roma Marconi - telematica;5810;M;5118
2016/2017;Roma San Raffaele - telematica;5816;F;1311
2016/2017;Roma San Raffaele - telematica;5816;M;1743
2016/2017;Roma Tor Vergata;5802;F;15128
2016/2017;Roma Tor Vergata;5802;M;14422
2016/2017;Roma Tre;5807;F;19075
2016/2017;Roma Tre;5807;M;13343
2016/2017;Roma UNICUSANO - telematica;5815;F;8275
2016/2017;Roma UNICUSANO - telematica;5815;M;12465
2016/2017;Roma UNINETTUNO - telematica;5813;F;4066
2016/2017;Roma UNINETTUNO - telematica;5813;M;6453
2016/2017;Roma UNINT;5809;F;1028
2016/2017;Roma UNINT;5809;M;324
2016/2017;Roma UNITELMA - telematica;5811;F;676
2016/2017;Roma UNITELMA - telematica;5811;M;817
2016/2017;Rozzano (MI) Humanitas University;1510;F;315
2016/2017;Rozzano (MI) Humanitas University;1510;M;211
2016/2017;Salento;7501;F;10454
2016/2017;Salento;7501;M;6123
2016/2017;Salerno;6501;F;20427
2016/2017;Salerno;6501;M;14928
2016/2017;Sannio;6201;F;2670
2016/2017;Sannio;6201;M;2497
2016/2017;Sassari;9001;F;8167
2016/2017;Sassari;9001;M;4717
2016/2017;Siena;5201;F;8955
2016/2017;Siena;5201;M;6510
2016/2017;Siena Stranieri;5202;F;1534
2016/2017;Siena Stranieri;5202;M;349
2016/2017;Teramo;6701;F;3537
2016/2017;Teramo;6701;M;2566
2016/2017;Torino;101;F;41809
2016/2017;Torino;101;M;26605
2016/2017;Torino Politecnico;102;F;8809
2016/2017;Torino Politecnico;102;M;22439
2016/2017;Torrevecchia Teatina Leonardo da Vinci - telematica;6902;F;85
2016/2017;Torrevecchia Teatina Leonardo da Vinci - telematica;6902;M;68
2016/2017;Trento;2201;F;8143
2016/2017;Trento;2201;M;8014
2016/2017;Trieste;3201;F;8263
2016/2017;Trieste;3201;M;6577
2016/2017;Tuscia;5601;F;3907
2016/2017;Tuscia;5601;M;4109
2016/2017;Udine;3001;F;7764
2016/2017;Udine;3001;M;7261
2016/2017;Urbino;4101;F;8572
2016/2017;Urbino;4101;M;5370
2016/2017;Venezia Cà Foscari;2701;F;12849
2016/2017;Venezia Cà Foscari;2701;M;6970
2016/2017;Venezia Iuav;2702;F;2156
2016/2017;Venezia Iuav;2702;M;1987
2016/2017;Verona;2301;F;14776
2016/2017;Verona;2301;M;8336
2015/2016;Aosta;701;F;804
2015/2016;Aosta;701;M;314
2015/2016;Bari;7201;F;29207
2015/2016;Bari;7201;M;17323
2015/2016;Bari Politecnico;7202;F;3052
2015/2016;Bari Politecnico;7202;M;6741
2015/2016;Basilicata;7601;F;3959
2015/2016;Basilicata;7601;M;2976
2015/2016;Benevento Giustino Fortunato - telematica;6202;F;281
2015/2016;Benevento Giustino Fortunato - telematica;6202;M;466
2015/2016;Bergamo;1601;F;9833
2015/2016;Bergamo;1601;M;5802
2015/2016;Bologna;3701;F;43267
2015/2016;Bologna;3701;M;34555
2015/2016;Bolzano;2101;F;2071
2015/2016;Bolzano;2101;M;957
2015/2016;Bra Scienze Gastronomiche;401;F;167
2015/2016;Bra Scienze Gastronomiche;401;M;155
2015/2016;Brescia;1701;F;6511
2015/2016;Brescia;1701;M;7462
2015/2016;Cagliari;9201;F;15580
2015/2016;Cagliari;9201;M;10653
2015/2016;Calabria;7801;F;16139
2015/2016;Calabria;7801;M;11214
2015/2016;Camerino;4302;F;3341
2015/2016;Camerino;4302;M;3123
2015/2016;Casamassima - G.Degennaro;7203;F;464
2015/2016;Casamassima - G.Degennaro;7203;M;773
2015/2016;Cassino;6001;F;4272
2015/2016;Cassino;6001;M;3554
2015/2016;Castellanza LIUC;1201;F;692
2015/2016;Castellanza LIUC;1201;M;1259
2015/2016;Catania;8701;F;26008
2015/2016;Catania;8701;M;17714
2015/2016;Catanzaro;7901;F;6219
2015/2016;Catanzaro;7901;M;4193
2015/2016;Chieti e Pescara;6901;F;16519
2015/2016;Chieti e Pescara;6901;M;9237
2015/2016;Enna KORE;8601;F;3563
2015/2016;Enna KORE;8601;M;2226
2015/2016;Ferrara;3801;F;8453
2015/2016;Ferrara;3801;M;7062
2015/2016;Firenze;4801;F;29645
2015/2016;Firenze;4801;M;20678
2015/2016;Firenze IUL - telematica;4804;F;91
2015/2016;Firenze IUL - telematica;4804;M;18
2015/2016;Foggia;7101;F;5747
2015/2016;Foggia;7101;M;3522
2015/2016;Genova;1001;F;17181
2015/2016;Genova;1001;M;14190
2015/2016;Insubria;1202;F;4878
2015/2016;Insubria;1202;M;3998
2015/2016;L'Aquila;6601;F;10390
2015/2016;L'Aquila;6601;M;7745
2015/2016;Macerata;4301;F;7131
2015/2016;Macerata;4301;M;2853
2015/2016;Marche;4201;F;7068
2015/2016;Marche;4201;M;8554
2015/2016;Messina;8301;F;14912
2015/2016;Messina;8301;M;8762
2015/2016;Milano;1501;F;35537
2015/2016;Milano;1501;M;24911
2015/2016;Milano Bicocca;1509;F;19697
2015/2016;Milano Bicocca;1509;M;12398
2015/2016;Milano Bocconi;1503;F;6285
2015/2016;Milano Bocconi;1503;M;6960
2015/2016;Milano Cattolica;1504;F;23406
2015/2016;Milano Cattolica;1504;M;13101
2015/2016;Milano IULM;1505;F;3313
2015/2016;Milano IULM;1505;M;1351
2015/2016;Milano Politecnico;1502;F;13412
2015/2016;Milano Politecnico;1502;M;27368
2015/2016;Milano San Raffaele;1508;F;1374
2015/2016;Milano San Raffaele;1508;M;949
2015/2016;Modena e Reggio Emilia;3601;F;11017
2015/2016;Modena e Reggio Emilia;3601;M;9811
2015/2016;Molise;7001;F;4095
2015/2016;Molise;7001;M;2858
2015/2016;Napoli Benincasa;6304;F;6944
2015/2016;Napoli Benincasa;6304;M;1159
2015/2016;Napoli Federico II;6301;F;43379
2015/2016;Napoli Federico II;6301;M;34566
2015/2016;Napoli L'Orientale;6303;F;8312
2015/2016;Napoli L'Orientale;6303;M;2368
2015/2016;Napoli Parthenope;6302;F;6126
2015/2016;Napoli Parthenope;6302;M;7691
2015/2016;Napoli Pegaso - telematica;6307;F;4961
2015/2016;Napoli Pegaso - telematica;6307;M;8299
2015/2016;Napoli Vanvitelli;6306;F;15086
2015/2016;Napoli Vanvitelli;6306;M;10838
2015/2016;Novedrate e-Campus - telematica;1301;F;3850
2015/2016;Novedrate e-Campus - telematica;1301;M;4013
2015/2016;Padova;2801;F;31611
2015/2016;Padova;2801;M;26962
2015/2016;Palermo;8201;F;23621
2015/2016;Palermo;8201;M;16561
2015/2016;Parma;3401;F;12910
2015/2016;Parma;3401;M;10150
2015/2016;Pavia;1801;F;11699
2015/2016;Pavia;1801;M;9377
2015/2016;Perugia;5401;F;12032
2015/2016;Perugia;5401;M;9495
2015/2016;Perugia Stranieri;5403;F;527
2015/2016;Perugia Stranieri;5403;M;365
2015/2016;Piemonte Orientale;201;F;6560
2015/2016;Piemonte Orientale;201;M;4209
2015/2016;Pisa;5001;F;23208
2015/2016;Pisa;5001;M;21831
2015/2016;Reggio Calabria;8001;F;3164
2015/2016;Reggio Calabria;8001;M;3100
2015/2016;Reggio Calabria - Dante Alighieri;8003;F;803
2015/2016;Reggio Calabria - Dante Alighieri;8003;M;161
2015/2016;Roma  Mercatorum - telematica;5814;F;112
2015/2016;Roma  Mercatorum - telematica;5814;M;171
2015/2016;Roma Biomedico;5808;F;1015
2015/2016;Roma Biomedico;5808;M;665
2015/2016;Roma Europea;5812;F;461
2015/2016;Roma Europea;5812;M;300
2015/2016;Roma Foro Italico;5806;F;617
2015/2016;Roma Foro Italico;5806;M;1612
2015/2016;Roma La Sapienza;5801;F;57462
2015/2016;Roma La Sapienza;5801;M;42323
2015/2016;Roma Link Campus;5817;F;550
2015/2016;Roma Link Campus;5817;M;1197
2015/2016;Roma LUISS;5805;F;3860
2015/2016;Roma LUISS;5805;M;4256
2015/2016;Roma LUMSA;5803;F;4065
2015/2016;Roma LUMSA;5803;M;1817
2015/2016;Roma Marconi - telematica;5810;F;4124
2015/2016;Roma Marconi - telematica;5810;M;5395
2015/2016;Roma San Raffaele - telematica;5816;F;836
2015/2016;Roma San Raffaele - telematica;5816;M;1207
2015/2016;Roma Tor Vergata;5802;F;15222
2015/2016;Roma Tor Vergata;5802;M;14455
2015/2016;Roma Tre;5807;F;20141
2015/2016;Roma Tre;5807;M;13799
2015/2016;Roma UNICUSANO - telematica;5815;F;6896
2015/2016;Roma UNICUSANO - telematica;5815;M;10365
2015/2016;Roma UNINETTUNO - telematica;5813;F;3743
2015/2016;Roma UNINETTUNO - telematica;5813;M;6075
2015/2016;Roma UNINT;5809;F;1057
2015/2016;Roma UNINT;5809;M;347
2015/2016;Roma UNITELMA - telematica;5811;F;676
2015/2016;Roma UNITELMA - telematica;5811;M;814
2015/2016;Rozzano (MI) Humanitas University;1510;F;215
2015/2016;Rozzano (MI) Humanitas University;1510;M;131
2015/2016;Salento;7501;F;10688
2015/2016;Salento;7501;M;6289
2015/2016;Salerno;6501;F;20688
2015/2016;Salerno;6501;M;14286
2015/2016;Sannio;6201;F;2813
2015/2016;Sannio;6201;M;2678
2015/2016;Sassari;9001;F;7892
2015/2016;Sassari;9001;M;4568
2015/2016;Siena;5201;F;8956
2015/2016;Siena;5201;M;6510
2015/2016;Siena Stranieri;5202;F;1316
2015/2016;Siena Stranieri;5202;M;318
2015/2016;Teramo;6701;F;3619
2015/2016;Teramo;6701;M;2577
2015/2016;Torino;101;F;40720
2015/2016;Torino;101;M;25622
2015/2016;Torino Politecnico;102;F;8736
2015/2016;Torino Politecnico;102;M;22004
2015/2016;Torrevecchia Teatina Leonardo da Vinci - telematica;6902;F;80
2015/2016;Torrevecchia Teatina Leonardo da Vinci - telematica;6902;M;55
2015/2016;Trento;2201;F;8270
2015/2016;Trento;2201;M;7968
2015/2016;Trieste;3201;F;8486
2015/2016;Trieste;3201;M;6577
2015/2016;Tuscia;5601;F;3867
2015/2016;Tuscia;5601;M;3971
2015/2016;Udine;3001;F;7667
2015/2016;Udine;3001;M;7207
2015/2016;Urbino;4101;F;8491
2015/2016;Urbino;4101;M;5382
2015/2016;Venezia Cà Foscari;2701;F;12813
2015/2016;Venezia Cà Foscari;2701;M;6954
2015/2016;Venezia Iuav;2702;F;2184
2015/2016;Venezia Iuav;2702;M;2081
2015/2016;Verona;2301;F;14595
2015/2016;Verona;2301;M;8087
2014/2015;Aosta;701;F;836
2014/2015;Aosta;701;M;316
2014/2015;Bari;7201;F;30803
2014/2015;Bari;7201;M;17862
2014/2015;Bari Politecnico;7202;F;3269
2014/2015;Bari Politecnico;7202;M;7023
2014/2015;Basilicata;7601;F;4204
2014/2015;Basilicata;7601;M;3024
2014/2015;Benevento Giustino Fortunato - telematica;6202;F;241
2014/2015;Benevento Giustino Fortunato - telematica;6202;M;385
2014/2015;Bergamo;1601;F;9320
2014/2015;Bergamo;1601;M;5536
2014/2015;Bologna;3701;F;43044
2014/2015;Bologna;3701;M;33877
2014/2015;Bolzano;2101;F;1858
2014/2015;Bolzano;2101;M;900
2014/2015;Bra Scienze Gastronomiche;401;F;164
2014/2015;Bra Scienze Gastronomiche;401;M;131
2014/2015;Brescia;1701;F;6655
2014/2015;Brescia;1701;M;7496
2014/2015;Cagliari;9201;F;15972
2014/2015;Cagliari;9201;M;10689
2014/2015;Calabria;7801;F;17018
2014/2015;Calabria;7801;M;11787
2014/2015;Camerino;4302;F;3444
2014/2015;Camerino;4302;M;3234
2014/2015;Casamassima - G.Degennaro;7203;F;497
2014/2015;Casamassima - G.Degennaro;7203;M;750
2014/2015;Cassino;6001;F;4510
2014/2015;Cassino;6001;M;3682
2014/2015;Castellanza LIUC;1201;F;674
2014/2015;Castellanza LIUC;1201;M;1143
2014/2015;Catania;8701;F;26889
2014/2015;Catania;8701;M;17746
2014/2015;Catanzaro;7901;F;6546
2014/2015;Catanzaro;7901;M;4198
2014/2015;Chieti e Pescara;6901;F;17653
2014/2015;Chieti e Pescara;6901;M;9709
2014/2015;Enna KORE;8601;F;3601
2014/2015;Enna KORE;8601;M;2357
2014/2015;Ferrara;3801;F;8618
2014/2015;Ferrara;3801;M;7032
2014/2015;Firenze;4801;F;29993
2014/2015;Firenze;4801;M;20910
2014/2015;Firenze IUL - telematica;4804;F;35
2014/2015;Firenze IUL - telematica;4804;M;5
2014/2015;Foggia;7101;F;6056
2014/2015;Foggia;7101;M;3470
2014/2015;Genova;1001;F;17775
2014/2015;Genova;1001;M;14465
2014/2015;Insubria;1202;F;4970
2014/2015;Insubria;1202;M;3895
2014/2015;L'Aquila;6601;F;12132
2014/2015;L'Aquila;6601;M;9107
2014/2015;Macerata;4301;F;6916
2014/2015;Macerata;4301;M;2815
2014/2015;Marche;4201;F;7114
2014/2015;Marche;4201;M;8615
2014/2015;Messina;8301;F;16262
2014/2015;Messina;8301;M;9261
2014/2015;Milano;1501;F;35612
2014/2015;Milano;1501;M;25095
2014/2015;Milano Bicocca;1509;F;19827
2014/2015;Milano Bicocca;1509;M;12332
2014/2015;Milano Bocconi;1503;F;6449
2014/2015;Milano Bocconi;1503;M;6880
2014/2015;Milano Cattolica;1504;F;23408
2014/2015;Milano Cattolica;1504;M;13025
2014/2015;Milano IULM;1505;F;3049
2014/2015;Milano IULM;1505;M;1269
2014/2015;Milano Politecnico;1502;F;13335
2014/2015;Milano Politecnico;1502;M;26744
2014/2015;Milano San Raffaele;1508;F;1258
2014/2015;Milano San Raffaele;1508;M;866
2014/2015;Modena e Reggio Emilia;3601;F;10579
2014/2015;Modena e Reggio Emilia;3601;M;9120
2014/2015;Molise;7001;F;4136
2014/2015;Molise;7001;M;2883
2014/2015;Napoli Benincasa;6304;F;6823
2014/2015;Napoli Benincasa;6304;M;1161
2014/2015;Napoli Federico II;6301;F;45249
2014/2015;Napoli Federico II;6301;M;35348
2014/2015;Napoli L'Orientale;6303;F;8110
2014/2015;Napoli L'Orientale;6303;M;2347
2014/2015;Napoli Parthenope;6302;F;6521
2014/2015;Napoli Parthenope;6302;M;8129
2014/2015;Napoli Pegaso - telematica;6307;F;3869
2014/2015;Napoli Pegaso - telematica;6307;M;6936
2014/2015;Napoli Vanvitelli;6306;F;15421
2014/2015;Napoli Vanvitelli;6306;M;10915
2014/2015;Novedrate e-Campus - telematica;1301;F;3687
2014/2015;Novedrate e-Campus - telematica;1301;M;3977
2014/2015;Padova;2801;F;31773
2014/2015;Padova;2801;M;26725
2014/2015;Palermo;8201;F;25042
2014/2015;Palermo;8201;M;17419
2014/2015;Parma;3401;F;13205
2014/2015;Parma;3401;M;10153
2014/2015;Pavia;1801;F;11811
2014/2015;Pavia;1801;M;9458
2014/2015;Perugia;5401;F;12585
2014/2015;Perugia;5401;M;9749
2014/2015;Perugia Stranieri;5403;F;630
2014/2015;Perugia Stranieri;5403;M;359
2014/2015;Piemonte Orientale;201;F;6333
2014/2015;Piemonte Orientale;201;M;4068
2014/2015;Pisa;5001;F;23311
2014/2015;Pisa;5001;M;22029
2014/2015;Reggio Calabria;8001;F;3438
2014/2015;Reggio Calabria;8001;M;3371
2014/2015;Reggio Calabria - Dante Alighieri;8003;F;749
2014/2015;Reggio Calabria - Dante Alighieri;8003;M;156
2014/2015;Roma  Mercatorum - telematica;5814;F;103
2014/2015;Roma  Mercatorum - telematica;5814;M;161
2014/2015;Roma Biomedico;5808;F;982
2014/2015;Roma Biomedico;5808;M;659
2014/2015;Roma Europea;5812;F;495
2014/2015;Roma Europea;5812;M;311
2014/2015;Roma Foro Italico;5806;F;650
2014/2015;Roma Foro Italico;5806;M;1556
2014/2015;Roma La Sapienza;5801;F;59363
2014/2015;Roma La Sapienza;5801;M;43052
2014/2015;Roma Link Campus;5817;F;484
2014/2015;Roma Link Campus;5817;M;929
2014/2015;Roma LUISS;5805;F;3791
2014/2015;Roma LUISS;5805;M;3914
2014/2015;Roma LUMSA;5803;F;3979
2014/2015;Roma LUMSA;5803;M;1901
2014/2015;Roma Marconi - telematica;5810;F;3476
2014/2015;Roma Marconi - telematica;5810;M;5002
2014/2015;Roma San Raffaele - telematica;5816;F;532
2014/2015;Roma San Raffaele - telematica;5816;M;858
2014/2015;Roma Tor Vergata;5802;F;15486
2014/2015;Roma Tor Vergata;5802;M;14801
2014/2015;Roma Tre;5807;F;20538
2014/2015;Roma Tre;5807;M;14292
2014/2015;Roma UNICUSANO - telematica;5815;F;5669
2014/2015;Roma UNICUSANO - telematica;5815;M;8585
2014/2015;Roma UNINETTUNO - telematica;5813;F;3529
2014/2015;Roma UNINETTUNO - telematica;5813;M;5712
2014/2015;Roma UNINT;5809;F;965
2014/2015;Roma UNINT;5809;M;331
2014/2015;Roma UNITELMA - telematica;5811;F;742
2014/2015;Roma UNITELMA - telematica;5811;M;838
2014/2015;Rozzano (MI) Humanitas University;1510;F;94
2014/2015;Rozzano (MI) Humanitas University;1510;M;47
2014/2015;Salento;7501;F;11376
2014/2015;Salento;7501;M;6531
2014/2015;Salerno;6501;F;20947
2014/2015;Salerno;6501;M;13978
2014/2015;Sannio;6201;F;3050
2014/2015;Sannio;6201;M;2760
2014/2015;Sassari;9001;F;8260
2014/2015;Sassari;9001;M;4589
2014/2015;Siena;5201;F;9105
2014/2015;Siena;5201;M;6508
2014/2015;Siena Stranieri;5202;F;1128
2014/2015;Siena Stranieri;5202;M;267
2014/2015;Teramo;6701;F;3721
2014/2015;Teramo;6701;M;2605
2014/2015;Torino;101;F;40730
2014/2015;Torino;101;M;25310
2014/2015;Torino Politecnico;102;F;8485
2014/2015;Torino Politecnico;102;M;21369
2014/2015;Torrevecchia Teatina Leonardo da Vinci - telematica;6902;F;124
2014/2015;Torrevecchia Teatina Leonardo da Vinci - telematica;6902;M;83
2014/2015;Trento;2201;F;8384
2014/2015;Trento;2201;M;8170
2014/2015;Trieste;3201;F;8809
2014/2015;Trieste;3201;M;6764
2014/2015;Tuscia;5601;F;3740
2014/2015;Tuscia;5601;M;3866
2014/2015;Udine;3001;F;7802
2014/2015;Udine;3001;M;7147
2014/2015;Urbino;4101;F;8565
2014/2015;Urbino;4101;M;5418
2014/2015;Venezia Cà Foscari;2701;F;12393
2014/2015;Venezia Cà Foscari;2701;M;6788
2014/2015;Venezia Iuav;2702;F;2274
2014/2015;Venezia Iuav;2702;M;2241
2014/2015;Verona;2301;F;14196
2014/2015;Verona;2301;M;7833
2013/2014;Aosta;701;F;836
2013/2014;Aosta;701;M;325
2013/2014;Bari;7201;F;32105
2013/2014;Bari;7201;M;18053
2013/2014;Bari Politecnico;7202;F;3389
2013/2014;Bari Politecnico;7202;M;7317
2013/2014;Basilicata;7601;F;4241
2013/2014;Basilicata;7601;M;3217
2013/2014;Benevento Giustino Fortunato - telematica;6202;F;194
2013/2014;Benevento Giustino Fortunato - telematica;6202;M;350
2013/2014;Bergamo;1601;F;9013
2013/2014;Bergamo;1601;M;5356
2013/2014;Bologna;3701;F;43529
2013/2014;Bologna;3701;M;34115
2013/2014;Bolzano;2101;F;1823
2013/2014;Bolzano;2101;M;829
2013/2014;Bra Scienze Gastronomiche;401;F;145
2013/2014;Bra Scienze Gastronomiche;401;M;119
2013/2014;Brescia;1701;F;6717
2013/2014;Brescia;1701;M;7491
2013/2014;Cagliari;9201;F;16763
2013/2014;Cagliari;9201;M;11048
2013/2014;Calabria;7801;F;18175
2013/2014;Calabria;7801;M;12372
2013/2014;Camerino;4302;F;3554
2013/2014;Camerino;4302;M;3351
2013/2014;Casamassima - G.Degennaro;7203;F;518
2013/2014;Casamassima - G.Degennaro;7203;M;782
2013/2014;Cassino;6001;F;4770
2013/2014;Cassino;6001;M;3850
2013/2014;Castellanza LIUC;1201;F;666
2013/2014;Castellanza LIUC;1201;M;1093
2013/2014;Catania;8701;F;28344
2013/2014;Catania;8701;M;18257
2013/2014;Catanzaro;7901;F;6377
2013/2014;Catanzaro;7901;M;4057
2013/2014;Chieti e Pescara;6901;F;18530
2013/2014;Chieti e Pescara;6901;M;10055
2013/2014;Enna KORE;8601;F;3583
2013/2014;Enna KORE;8601;M;2443
2013/2014;Ferrara;3801;F;8738
2013/2014;Ferrara;3801;M;7174
2013/2014;Firenze;4801;F;29550
2013/2014;Firenze;4801;M;20737
2013/2014;Firenze IUL - telematica;4804;F;18
2013/2014;Firenze IUL - telematica;4804;M;3
2013/2014;Foggia;7101;F;6116
2013/2014;Foggia;7101;M;3503
2013/2014;Genova;1001;F;18105
2013/2014;Genova;1001;M;14604
2013/2014;Insubria;1202;F;4784
2013/2014;Insubria;1202;M;3746
2013/2014;L'Aquila;6601;F;13509
2013/2014;L'Aquila;6601;M;10525
2013/2014;Macerata;4301;F;6933
2013/2014;Macerata;4301;M;2897
2013/2014;Marche;4201;F;6992
2013/2014;Marche;4201;M;8676
2013/2014;Messina;8301;F;16938
2013/2014;Messina;8301;M;9671
2013/2014;Milano;1501;F;35590
2013/2014;Milano;1501;M;24844
2013/2014;Milano Bicocca;1509;F;19931
2013/2014;Milano Bicocca;1509;M;12245
2013/2014;Milano Bocconi;1503;F;6649
2013/2014;Milano Bocconi;1503;M;6920
2013/2014;Milano Cattolica;1504;F;23741
2013/2014;Milano Cattolica;1504;M;13043
2013/2014;Milano IULM;1505;F;2935
2013/2014;Milano IULM;1505;M;1264
2013/2014;Milano Politecnico;1502;F;13296
2013/2014;Milano Politecnico;1502;M;26508
2013/2014;Milano San Raffaele;1508;F;1146
2013/2014;Milano San Raffaele;1508;M;855
2013/2014;Modena e Reggio Emilia;3601;F;10628
2013/2014;Modena e Reggio Emilia;3601;M;8925
2013/2014;Molise;7001;F;4332
2013/2014;Molise;7001;M;2997
2013/2014;Napoli Benincasa;6304;F;6888
2013/2014;Napoli Benincasa;6304;M;1195
2013/2014;Napoli Federico II;6301;F;46392
2013/2014;Napoli Federico II;6301;M;35733
2013/2014;Napoli L'Orientale;6303;F;8185
2013/2014;Napoli L'Orientale;6303;M;2299
2013/2014;Napoli Parthenope;6302;F;6844
2013/2014;Napoli Parthenope;6302;M;8654
2013/2014;Napoli Pegaso - telematica;6307;F;3055
2013/2014;Napoli Pegaso - telematica;6307;M;5862
2013/2014;Napoli Vanvitelli;6306;F;15539
2013/2014;Napoli Vanvitelli;6306;M;11137
2013/2014;Novedrate e-Campus - telematica;1301;F;3134
2013/2014;Novedrate e-Campus - telematica;1301;M;3590
2013/2014;Padova;2801;F;32171
2013/2014;Padova;2801;M;26240
2013/2014;Palermo;8201;F;26542
2013/2014;Palermo;8201;M;18157
2013/2014;Parma;3401;F;14143
2013/2014;Parma;3401;M;10792
2013/2014;Pavia;1801;F;11888
2013/2014;Pavia;1801;M;9652
2013/2014;Perugia;5401;F;12939
2013/2014;Perugia;5401;M;9956
2013/2014;Perugia Stranieri;5403;F;708
2013/2014;Perugia Stranieri;5403;M;392
2013/2014;Piemonte Orientale;201;F;6134
2013/2014;Piemonte Orientale;201;M;3961
2013/2014;Pisa;5001;F;23402
2013/2014;Pisa;5001;M;21730
2013/2014;Reggio Calabria;8001;F;3870
2013/2014;Reggio Calabria;8001;M;3780
2013/2014;Reggio Calabria - Dante Alighieri;8003;F;646
2013/2014;Reggio Calabria - Dante Alighieri;8003;M;120
2013/2014;Roma  Mercatorum - telematica;5814;F;91
2013/2014;Roma  Mercatorum - telematica;5814;M;160
2013/2014;Roma Biomedico;5808;F;941
2013/2014;Roma Biomedico;5808;M;626
2013/2014;Roma Europea;5812;F;547
2013/2014;Roma Europea;5812;M;340
2013/2014;Roma Foro Italico;5806;F;683
2013/2014;Roma Foro Italico;5806;M;1524
2013/2014;Roma La Sapienza;5801;F;60560
2013/2014;Roma La Sapienza;5801;M;42994
2013/2014;Roma Link Campus;5817;F;399
2013/2014;Roma Link Campus;5817;M;787
2013/2014;Roma LUISS;5805;F;3888
2013/2014;Roma LUISS;5805;M;3736
2013/2014;Roma LUMSA;5803;F;4073
2013/2014;Roma LUMSA;5803;M;1949
2013/2014;Roma Marconi - telematica;5810;F;4382
2013/2014;Roma Marconi - telematica;5810;M;7891
2013/2014;Roma San Raffaele - telematica;5816;F;356
2013/2014;Roma San Raffaele - telematica;5816;M;609
2013/2014;Roma Tor Vergata;5802;F;15474
2013/2014;Roma Tor Vergata;5802;M;15121
2013/2014;Roma Tre;5807;F;20984
2013/2014;Roma Tre;5807;M;14419
2013/2014;Roma UNICUSANO - telematica;5815;F;4610
2013/2014;Roma UNICUSANO - telematica;5815;M;7327
2013/2014;Roma UNINETTUNO - telematica;5813;F;3315
2013/2014;Roma UNINETTUNO - telematica;5813;M;5279
2013/2014;Roma UNINT;5809;F;834
2013/2014;Roma UNINT;5809;M;365
2013/2014;Roma UNITELMA - telematica;5811;F;787
2013/2014;Roma UNITELMA - telematica;5811;M;892
2013/2014;Salento;7501;F;12185
2013/2014;Salento;7501;M;6693
2013/2014;Salerno;6501;F;21328
2013/2014;Salerno;6501;M;13680
2013/2014;Sannio;6201;F;3225
2013/2014;Sannio;6201;M;2968
2013/2014;Sassari;9001;F;8584
2013/2014;Sassari;9001;M;4746
2013/2014;Siena;5201;F;9287
2013/2014;Siena;5201;M;6493
2013/2014;Siena Stranieri;5202;F;925
2013/2014;Siena Stranieri;5202;M;211
2013/2014;Teramo;6701;F;3931
2013/2014;Teramo;6701;M;2759
2013/2014;Torino;101;F;40541
2013/2014;Torino;101;M;24934
2013/2014;Torino Politecnico;102;F;8269
2013/2014;Torino Politecnico;102;M;20871
2013/2014;Torrevecchia Teatina Leonardo da Vinci - telematica;6902;F;158
2013/2014;Torrevecchia Teatina Leonardo da Vinci - telematica;6902;M;132
2013/2014;Trento;2201;F;8360
2013/2014;Trento;2201;M;8173
2013/2014;Trieste;3201;F;9350
2013/2014;Trieste;3201;M;7193
2013/2014;Tuscia;5601;F;3680
2013/2014;Tuscia;5601;M;3756
2013/2014;Udine;3001;F;8086
2013/2014;Udine;3001;M;7111
2013/2014;Urbino;4101;F;8551
2013/2014;Urbino;4101;M;5422
2013/2014;Venezia Cà Foscari;2701;F;12585
2013/2014;Venezia Cà Foscari;2701;M;6798
2013/2014;Venezia Iuav;2702;F;2318
2013/2014;Venezia Iuav;2702;M;2409
2013/2014;Verona;2301;F;14184
2013/2014;Verona;2301;M;7760
2012/2013;Aosta;701;F;875
2012/2013;Aosta;701;M;334
2012/2013;Bari;7201;F;33496
2012/2013;Bari;7201;M;18414
2012/2013;Bari Politecnico;7202;F;3519
2012/2013;Bari Politecnico;7202;M;7667
2012/2013;Basilicata;7601;F;4459
2012/2013;Basilicata;7601;M;3484
2012/2013;Benevento Giustino Fortunato - telematica;6202;F;183
2012/2013;Benevento Giustino Fortunato - telematica;6202;M;303
2012/2013;Bergamo;1601;F;9080
2012/2013;Bergamo;1601;M;5452
2012/2013;Bologna;3701;F;44341
2012/2013;Bologna;3701;M;34260
2012/2013;Bolzano;2101;F;1900
2012/2013;Bolzano;2101;M;859
2012/2013;Bra Scienze Gastronomiche;401;F;142
2012/2013;Bra Scienze Gastronomiche;401;M;126
2012/2013;Brescia;1701;F;6671
2012/2013;Brescia;1701;M;7546
2012/2013;Cagliari;9201;F;17554
2012/2013;Cagliari;9201;M;11419
2012/2013;Calabria;7801;F;18863
2012/2013;Calabria;7801;M;12770
2012/2013;Camerino;4302;F;3708
2012/2013;Camerino;4302;M;3583
2012/2013;Casamassima - G.Degennaro;7203;F;491
2012/2013;Casamassima - G.Degennaro;7203;M;816
2012/2013;Cassino;6001;F;5052
2012/2013;Cassino;6001;M;4078
2012/2013;Castellanza LIUC;1201;F;653
2012/2013;Castellanza LIUC;1201;M;1108
2012/2013;Catania;8701;F;29624
2012/2013;Catania;8701;M;18662
2012/2013;Catanzaro;7901;F;6156
2012/2013;Catanzaro;7901;M;3891
2012/2013;Chieti e Pescara;6901;F;19519
2012/2013;Chieti e Pescara;6901;M;10435
2012/2013;Enna KORE;8601;F;3509
2012/2013;Enna KORE;8601;M;2483
2012/2013;Ferrara;3801;F;9262
2012/2013;Ferrara;3801;M;7400
2012/2013;Firenze;4801;F;30258
2012/2013;Firenze;4801;M;21167
2012/2013;Firenze IUL - telematica;4804;F;19
2012/2013;Firenze IUL - telematica;4804;M;5
2012/2013;Foggia;7101;F;6293
2012/2013;Foggia;7101;M;3731
2012/2013;Genova;1001;F;18946
2012/2013;Genova;1001;M;14932
2012/2013;Insubria;1202;F;4814
2012/2013;Insubria;1202;M;3817
2012/2013;L'Aquila;6601;F;13539
2012/2013;L'Aquila;6601;M;10807
2012/2013;Macerata;4301;F;7245
2012/2013;Macerata;4301;M;3040
2012/2013;Marche;4201;F;7031
2012/2013;Marche;4201;M;8843
2012/2013;Messina;8301;F;18398
2012/2013;Messina;8301;M;10583
2012/2013;Milano;1501;F;35378
2012/2013;Milano;1501;M;24612
2012/2013;Milano Bicocca;1509;F;20251
2012/2013;Milano Bicocca;1509;M;12277
2012/2013;Milano Bocconi;1503;F;6558
2012/2013;Milano Bocconi;1503;M;6868
2012/2013;Milano Cattolica;1504;F;24483
2012/2013;Milano Cattolica;1504;M;13291
2012/2013;Milano IULM;1505;F;2969
2012/2013;Milano IULM;1505;M;1276
2012/2013;Milano Politecnico;1502;F;13077
2012/2013;Milano Politecnico;1502;M;26007
2012/2013;Milano San Raffaele;1508;F;1151
2012/2013;Milano San Raffaele;1508;M;837
2012/2013;Modena e Reggio Emilia;3601;F;10387
2012/2013;Modena e Reggio Emilia;3601;M;8781
2012/2013;Molise;7001;F;4384
2012/2013;Molise;7001;M;3101
2012/2013;Napoli Benincasa;6304;F;7666
2012/2013;Napoli Benincasa;6304;M;1354
2012/2013;Napoli Federico II;6301;F;47989
2012/2013;Napoli Federico II;6301;M;36661
2012/2013;Napoli L'Orientale;6303;F;8107
2012/2013;Napoli L'Orientale;6303;M;2290
2012/2013;Napoli Parthenope;6302;F;7053
2012/2013;Napoli Parthenope;6302;M;8774
2012/2013;Napoli Pegaso - telematica;6307;F;1810
2012/2013;Napoli Pegaso - telematica;6307;M;2910
2012/2013;Napoli Vanvitelli;6306;F;16400
2012/2013;Napoli Vanvitelli;6306;M;11801
2012/2013;Novedrate e-Campus - telematica;1301;F;2758
2012/2013;Novedrate e-Campus - telematica;1301;M;3395
2012/2013;Padova;2801;F;33074
2012/2013;Padova;2801;M;26321
2012/2013;Palermo;8201;F;28332
2012/2013;Palermo;8201;M;18922
2012/2013;Parma;3401;F;15023
2012/2013;Parma;3401;M;11457
2012/2013;Pavia;1801;F;12208
2012/2013;Pavia;1801;M;9668
2012/2013;Perugia;5401;F;14164
2012/2013;Perugia;5401;M;10751
2012/2013;Perugia Stranieri;5403;F;775
2012/2013;Perugia Stranieri;5403;M;449
2012/2013;Piemonte Orientale;201;F;6085
2012/2013;Piemonte Orientale;201;M;3914
2012/2013;Pisa;5001;F;23523
2012/2013;Pisa;5001;M;21665
2012/2013;Reggio Calabria;8001;F;4295
2012/2013;Reggio Calabria;8001;M;4218
2012/2013;Reggio Calabria - Dante Alighieri;8003;F;577
2012/2013;Reggio Calabria - Dante Alighieri;8003;M;114
2012/2013;Roma  Mercatorum - telematica;5814;F;63
2012/2013;Roma  Mercatorum - telematica;5814;M;137
2012/2013;Roma Biomedico;5808;F;920
2012/2013;Roma Biomedico;5808;M;618
2012/2013;Roma Europea;5812;F;569
2012/2013;Roma Europea;5812;M;371
2012/2013;Roma Foro Italico;5806;F;662
2012/2013;Roma Foro Italico;5806;M;1485
2012/2013;Roma La Sapienza;5801;F;64321
2012/2013;Roma La Sapienza;5801;M;44881
2012/2013;Roma LUISS;5805;F;4025
2012/2013;Roma LUISS;5805;M;3728
2012/2013;Roma LUMSA;5803;F;4297
2012/2013;Roma LUMSA;5803;M;2047
2012/2013;Roma Marconi - telematica;5810;F;3875
2012/2013;Roma Marconi - telematica;5810;M;7448
2012/2013;Roma San Raffaele - telematica;5816;F;291
2012/2013;Roma San Raffaele - telematica;5816;M;551
2012/2013;Roma Tor Vergata;5802;F;15966
2012/2013;Roma Tor Vergata;5802;M;15104
2012/2013;Roma Tre;5807;F;21272
2012/2013;Roma Tre;5807;M;14470
2012/2013;Roma UNICUSANO - telematica;5815;F;4091
2012/2013;Roma UNICUSANO - telematica;5815;M;7410
2012/2013;Roma UNINETTUNO - telematica;5813;F;3107
2012/2013;Roma UNINETTUNO - telematica;5813;M;4914
2012/2013;Roma UNINT;5809;F;803
2012/2013;Roma UNINT;5809;M;405
2012/2013;Roma UNITELMA - telematica;5811;F;821
2012/2013;Roma UNITELMA - telematica;5811;M;913
2012/2013;Salento;7501;F;13222
2012/2013;Salento;7501;M;6987
2012/2013;Salerno;6501;F;21976
2012/2013;Salerno;6501;M;13848
2012/2013;Sannio;6201;F;3267
2012/2013;Sannio;6201;M;3003
2012/2013;Sassari;9001;F;9077
2012/2013;Sassari;9001;M;4906
2012/2013;Siena;5201;F;9631
2012/2013;Siena;5201;M;6746
2012/2013;Siena Stranieri;5202;F;787
2012/2013;Siena Stranieri;5202;M;165
2012/2013;Teramo;6701;F;4078
2012/2013;Teramo;6701;M;3006
2012/2013;Torino;101;F;40817
2012/2013;Torino;101;M;24891
2012/2013;Torino Politecnico;102;F;7993
2012/2013;Torino Politecnico;102;M;20062
2012/2013;Torrevecchia Teatina Leonardo da Vinci - telematica;6902;F;184
2012/2013;Torrevecchia Teatina Leonardo da Vinci - telematica;6902;M;142
2012/2013;Trento;2201;F;8473
2012/2013;Trento;2201;M;8077
2012/2013;Trieste;3201;F;9832
2012/2013;Trieste;3201;M;7528
2012/2013;Tuscia;5601;F;3586
2012/2013;Tuscia;5601;M;3658
2012/2013;Udine;3001;F;8361
2012/2013;Udine;3001;M;7263
2012/2013;Urbino;4101;F;8853
2012/2013;Urbino;4101;M;5594
2012/2013;Venezia Cà Foscari;2701;F;12207
2012/2013;Venezia Cà Foscari;2701;M;6490
2012/2013;Venezia Iuav;2702;F;2500
2012/2013;Venezia Iuav;2702;M;2680
2012/2013;Verona;2301;F;14637
2012/2013;Verona;2301;M;7987
2011/2012;Aosta;701;F;908
2011/2012;Aosta;701;M;308
2011/2012;Bari;7201;F;35687
2011/2012;Bari;7201;M;19186
2011/2012;Bari Politecnico;7202;F;3656
2011/2012;Bari Politecnico;7202;M;8160
2011/2012;Basilicata;7601;F;4683
2011/2012;Basilicata;7601;M;3708
2011/2012;Benevento Giustino Fortunato - telematica;6202;F;161
2011/2012;Benevento Giustino Fortunato - telematica;6202;M;327
2011/2012;Bergamo;1601;F;9208
2011/2012;Bergamo;1601;M;5642
2011/2012;Bologna;3701;F;45211
2011/2012;Bologna;3701;M;34862
2011/2012;Bolzano;2101;F;1984
2011/2012;Bolzano;2101;M;846
2011/2012;Bra Scienze Gastronomiche;401;F;129
2011/2012;Bra Scienze Gastronomiche;401;M;125
2011/2012;Brescia;1701;F;6754
2011/2012;Brescia;1701;M;7570
2011/2012;Cagliari;9201;F;18888
2011/2012;Cagliari;9201;M;12013
2011/2012;Calabria;7801;F;19598
2011/2012;Calabria;7801;M;13301
2011/2012;Camerino;4302;F;3777
2011/2012;Camerino;4302;M;3807
2011/2012;Casamassima - G.Degennaro;7203;F;480
2011/2012;Casamassima - G.Degennaro;7203;M;812
2011/2012;Cassino;6001;F;5663
2011/2012;Cassino;6001;M;4491
2011/2012;Castellanza LIUC;1201;F;628
2011/2012;Castellanza LIUC;1201;M;1208
2011/2012;Catania;8701;F;29707
2011/2012;Catania;8701;M;18743
2011/2012;Catanzaro;7901;F;6274
2011/2012;Catanzaro;7901;M;3910
2011/2012;Chieti e Pescara;6901;F;20653
2011/2012;Chieti e Pescara;6901;M;11147
2011/2012;Enna KORE;8601;F;3631
2011/2012;Enna KORE;8601;M;2521
2011/2012;Ferrara;3801;F;9776
2011/2012;Ferrara;3801;M;7743
2011/2012;Firenze;4801;F;31272
2011/2012;Firenze;4801;M;22196
2011/2012;Firenze IUL - telematica;4804;F;22
2011/2012;Firenze IUL - telematica;4804;M;6
2011/2012;Foggia;7101;F;6617
2011/2012;Foggia;7101;M;3853
2011/2012;Genova;1001;F;20350
2011/2012;Genova;1001;M;15766
2011/2012;Insubria;1202;F;5059
2011/2012;Insubria;1202;M;3947
2011/2012;L'Aquila;6601;F;13219
2011/2012;L'Aquila;6601;M;10842
2011/2012;Macerata;4301;F;7790
2011/2012;Macerata;4301;M;3230
2011/2012;Marche;4201;F;7031
2011/2012;Marche;4201;M;9202
2011/2012;Messina;8301;F;19714
2011/2012;Messina;8301;M;11432
2011/2012;Milano;1501;F;35549
2011/2012;Milano;1501;M;24793
2011/2012;Milano Bicocca;1509;F;20315
2011/2012;Milano Bicocca;1509;M;12135
2011/2012;Milano Bocconi;1503;F;6446
2011/2012;Milano Bocconi;1503;M;6855
2011/2012;Milano Cattolica;1504;F;24681
2011/2012;Milano Cattolica;1504;M;13340
2011/2012;Milano IULM;1505;F;3042
2011/2012;Milano IULM;1505;M;1344
2011/2012;Milano Politecnico;1502;F;12954
2011/2012;Milano Politecnico;1502;M;25766
2011/2012;Milano San Raffaele;1508;F;1171
2011/2012;Milano San Raffaele;1508;M;799
2011/2012;Modena e Reggio Emilia;3601;F;10539
2011/2012;Modena e Reggio Emilia;3601;M;8852
2011/2012;Molise;7001;F;4597
2011/2012;Molise;7001;M;3172
2011/2012;Napoli Benincasa;6304;F;8306
2011/2012;Napoli Benincasa;6304;M;1467
2011/2012;Napoli Federico II;6301;F;49554
2011/2012;Napoli Federico II;6301;M;37997
2011/2012;Napoli L'Orientale;6303;F;8005
2011/2012;Napoli L'Orientale;6303;M;2229
2011/2012;Napoli Parthenope;6302;F;7299
2011/2012;Napoli Parthenope;6302;M;9072
2011/2012;Napoli Pegaso - telematica;6307;F;1416
2011/2012;Napoli Pegaso - telematica;6307;M;2269
2011/2012;Napoli Vanvitelli;6306;F;16814
2011/2012;Napoli Vanvitelli;6306;M;12160
2011/2012;Novedrate e-Campus - telematica;1301;F;2889
2011/2012;Novedrate e-Campus - telematica;1301;M;3862
2011/2012;Padova;2801;F;34022
2011/2012;Padova;2801;M;26678
2011/2012;Palermo;8201;F;30427
2011/2012;Palermo;8201;M;20280
2011/2012;Parma;3401;F;16199
2011/2012;Parma;3401;M;12652
2011/2012;Pavia;1801;F;12195
2011/2012;Pavia;1801;M;9747
2011/2012;Perugia;5401;F;14691
2011/2012;Perugia;5401;M;11264
2011/2012;Perugia Stranieri;5403;F;826
2011/2012;Perugia Stranieri;5403;M;474
2011/2012;Piemonte Orientale;201;F;5873
2011/2012;Piemonte Orientale;201;M;3895
2011/2012;Pisa;5001;F;24240
2011/2012;Pisa;5001;M;21981
2011/2012;Reggio Calabria;8001;F;4671
2011/2012;Reggio Calabria;8001;M;4644
2011/2012;Reggio Calabria - Dante Alighieri;8003;F;447
2011/2012;Reggio Calabria - Dante Alighieri;8003;M;80
2011/2012;Roma  Mercatorum - telematica;5814;F;69
2011/2012;Roma  Mercatorum - telematica;5814;M;144
2011/2012;Roma Biomedico;5808;F;862
2011/2012;Roma Biomedico;5808;M;599
2011/2012;Roma Europea;5812;F;550
2011/2012;Roma Europea;5812;M;359
2011/2012;Roma Foro Italico;5806;F;683
2011/2012;Roma Foro Italico;5806;M;1434
2011/2012;Roma La Sapienza;5801;F;68697
2011/2012;Roma La Sapienza;5801;M;47047
2011/2012;Roma LUISS;5805;F;4103
2011/2012;Roma LUISS;5805;M;3697
2011/2012;Roma LUMSA;5803;F;4459
2011/2012;Roma LUMSA;5803;M;2146
2011/2012;Roma Marconi - telematica;5810;F;3449
2011/2012;Roma Marconi - telematica;5810;M;7144
2011/2012;Roma San Raffaele - telematica;5816;F;154
2011/2012;Roma San Raffaele - telematica;5816;M;285
2011/2012;Roma Tor Vergata;5802;F;16619
2011/2012;Roma Tor Vergata;5802;M;15193
2011/2012;Roma Tre;5807;F;22019
2011/2012;Roma Tre;5807;M;15008
2011/2012;Roma UNICUSANO - telematica;5815;F;3526
2011/2012;Roma UNICUSANO - telematica;5815;M;6539
2011/2012;Roma UNINETTUNO - telematica;5813;F;2277
2011/2012;Roma UNINETTUNO - telematica;5813;M;3640
2011/2012;Roma UNINT;5809;F;848
2011/2012;Roma UNINT;5809;M;430
2011/2012;Roma UNITELMA - telematica;5811;F;727
2011/2012;Roma UNITELMA - telematica;5811;M;944
2011/2012;Salento;7501;F;14556
2011/2012;Salento;7501;M;7576
2011/2012;Salerno;6501;F;22623
2011/2012;Salerno;6501;M;14215
2011/2012;Sannio;6201;F;3489
2011/2012;Sannio;6201;M;3246
2011/2012;Sassari;9001;F;9517
2011/2012;Sassari;9001;M;5077
2011/2012;Siena;5201;F;10581
2011/2012;Siena;5201;M;7225
2011/2012;Siena Stranieri;5202;F;650
2011/2012;Siena Stranieri;5202;M;126
2011/2012;Teramo;6701;F;4536
2011/2012;Teramo;6701;M;3317
2011/2012;Torino;101;F;41145
2011/2012;Torino;101;M;25124
2011/2012;Torino Politecnico;102;F;7798
2011/2012;Torino Politecnico;102;M;20016
2011/2012;Torrevecchia Teatina Leonardo da Vinci - telematica;6902;F;206
2011/2012;Torrevecchia Teatina Leonardo da Vinci - telematica;6902;M;144
2011/2012;Trento;2201;F;8621
2011/2012;Trento;2201;M;8151
2011/2012;Trieste;3201;F;10796
2011/2012;Trieste;3201;M;8052
2011/2012;Tuscia;5601;F;3695
2011/2012;Tuscia;5601;M;4314
2011/2012;Udine;3001;F;8615
2011/2012;Udine;3001;M;7415
2011/2012;Urbino;4101;F;9323
2011/2012;Urbino;4101;M;5726
2011/2012;Venezia Cà Foscari;2701;F;11892
2011/2012;Venezia Cà Foscari;2701;M;6421
2011/2012;Venezia Iuav;2702;F;2731
2011/2012;Venezia Iuav;2702;M;2899
2011/2012;Verona;2301;F;14975
2011/2012;Verona;2301;M;7964
2010/2011;Aosta;701;F;939
2010/2011;Aosta;701;M;305
2010/2011;Bari;7201;F;37389
2010/2011;Bari;7201;M;20133
2010/2011;Bari Politecnico;7202;F;3804
2010/2011;Bari Politecnico;7202;M;8620
2010/2011;Basilicata;7601;F;4795
2010/2011;Basilicata;7601;M;3726
2010/2011;Benevento Giustino Fortunato - telematica;6202;F;175
2010/2011;Benevento Giustino Fortunato - telematica;6202;M;382
2010/2011;Bergamo;1601;F;9276
2010/2011;Bergamo;1601;M;5759
2010/2011;Bologna;3701;F;45138
2010/2011;Bologna;3701;M;34923
2010/2011;Bolzano;2101;F;2299
2010/2011;Bolzano;2101;M;890
2010/2011;Bra Scienze Gastronomiche;401;F;109
2010/2011;Bra Scienze Gastronomiche;401;M;140
2010/2011;Brescia;1701;F;6690
2010/2011;Brescia;1701;M;7750
2010/2011;Cagliari;9201;F;20261
2010/2011;Cagliari;9201;M;12720
2010/2011;Calabria;7801;F;20263
2010/2011;Calabria;7801;M;13901
2010/2011;Camerino;4302;F;3809
2010/2011;Camerino;4302;M;3965
2010/2011;Casamassima - G.Degennaro;7203;F;520
2010/2011;Casamassima - G.Degennaro;7203;M;826
2010/2011;Cassino;6001;F;6008
2010/2011;Cassino;6001;M;4674
2010/2011;Castellanza LIUC;1201;F;610
2010/2011;Castellanza LIUC;1201;M;1221
2010/2011;Catania;8701;F;35350
2010/2011;Catania;8701;M;22413
2010/2011;Catanzaro;7901;F;6704
2010/2011;Catanzaro;7901;M;4267
2010/2011;Chieti e Pescara;6901;F;20851
2010/2011;Chieti e Pescara;6901;M;11550
2010/2011;Enna KORE;8601;F;3729
2010/2011;Enna KORE;8601;M;2500
2010/2011;Ferrara;3801;F;10024
2010/2011;Ferrara;3801;M;7984
2010/2011;Firenze;4801;F;32409
2010/2011;Firenze;4801;M;23308
2010/2011;Firenze IUL - telematica;4804;F;16
2010/2011;Firenze IUL - telematica;4804;M;4
2010/2011;Foggia;7101;F;6914
2010/2011;Foggia;7101;M;4054
2010/2011;Genova;1001;F;21024
2010/2011;Genova;1001;M;16051
2010/2011;Insubria;1202;F;5215
2010/2011;Insubria;1202;M;4162
2010/2011;L'Aquila;6601;F;12813
2010/2011;L'Aquila;6601;M;10680
2010/2011;Macerata;4301;F;8122
2010/2011;Macerata;4301;M;3489
2010/2011;Marche;4201;F;7271
2010/2011;Marche;4201;M;9345
2010/2011;Messina;8301;F;20499
2010/2011;Messina;8301;M;11950
2010/2011;Milano;1501;F;35511
2010/2011;Milano;1501;M;24947
2010/2011;Milano Bicocca;1509;F;19763
2010/2011;Milano Bicocca;1509;M;11962
2010/2011;Milano Bocconi;1503;F;6335
2010/2011;Milano Bocconi;1503;M;6937
2010/2011;Milano Cattolica;1504;F;25461
2010/2011;Milano Cattolica;1504;M;13648
2010/2011;Milano IULM;1505;F;3110
2010/2011;Milano IULM;1505;M;1348
2010/2011;Milano Politecnico;1502;F;12700
2010/2011;Milano Politecnico;1502;M;25559
2010/2011;Milano San Raffaele;1508;F;1209
2010/2011;Milano San Raffaele;1508;M;743
2010/2011;Modena e Reggio Emilia;3601;F;10616
2010/2011;Modena e Reggio Emilia;3601;M;8855
2010/2011;Molise;7001;F;4669
2010/2011;Molise;7001;M;3405
2010/2011;Napoli Benincasa;6304;F;8820
2010/2011;Napoli Benincasa;6304;M;1650
2010/2011;Napoli Federico II;6301;F;49727
2010/2011;Napoli Federico II;6301;M;38434
2010/2011;Napoli L'Orientale;6303;F;8184
2010/2011;Napoli L'Orientale;6303;M;2344
2010/2011;Napoli Parthenope;6302;F;7728
2010/2011;Napoli Parthenope;6302;M;9706
2010/2011;Napoli Pegaso - telematica;6307;F;1750
2010/2011;Napoli Pegaso - telematica;6307;M;4173
2010/2011;Napoli Vanvitelli;6306;F;17161
2010/2011;Napoli Vanvitelli;6306;M;12653
2010/2011;Novedrate e-Campus - telematica;1301;F;2485
2010/2011;Novedrate e-Campus - telematica;1301;M;3726
2010/2011;Padova;2801;F;34463
2010/2011;Padova;2801;M;27109
2010/2011;Palermo;8201;F;32764
2010/2011;Palermo;8201;M;21990
2010/2011;Parma;3401;F;17170
2010/2011;Parma;3401;M;13411
2010/2011;Pavia;1801;F;12552
2010/2011;Pavia;1801;M;10055
2010/2011;Perugia;5401;F;15649
2010/2011;Perugia;5401;M;11958
2010/2011;Perugia Stranieri;5403;F;875
2010/2011;Perugia Stranieri;5403;M;601
2010/2011;Piemonte Orientale;201;F;5939
2010/2011;Piemonte Orientale;201;M;3747
2010/2011;Pisa;5001;F;24329
2010/2011;Pisa;5001;M;22257
2010/2011;Reggio Calabria;8001;F;4908
2010/2011;Reggio Calabria;8001;M;4924
2010/2011;Reggio Calabria - Dante Alighieri;8003;F;285
2010/2011;Reggio Calabria - Dante Alighieri;8003;M;71
2010/2011;Roma  Mercatorum - telematica;5814;F;86
2010/2011;Roma  Mercatorum - telematica;5814;M;146
2010/2011;Roma Biomedico;5808;F;779
2010/2011;Roma Biomedico;5808;M;559
2010/2011;Roma Europea;5812;F;500
2010/2011;Roma Europea;5812;M;338
2010/2011;Roma Foro Italico;5806;F;634
2010/2011;Roma Foro Italico;5806;M;1349
2010/2011;Roma La Sapienza;5801;F;72917
2010/2011;Roma La Sapienza;5801;M;49937
2010/2011;Roma LUISS;5805;F;4140
2010/2011;Roma LUISS;5805;M;3576
2010/2011;Roma LUMSA;5803;F;4511
2010/2011;Roma LUMSA;5803;M;2222
2010/2011;Roma Marconi - telematica;5810;F;3029
2010/2011;Roma Marconi - telematica;5810;M;7142
2010/2011;Roma San Raffaele - telematica;5816;F;121
2010/2011;Roma San Raffaele - telematica;5816;M;205
2010/2011;Roma Tor Vergata;5802;F;16956
2010/2011;Roma Tor Vergata;5802;M;14951
2010/2011;Roma Tre;5807;F;22471
2010/2011;Roma Tre;5807;M;15544
2010/2011;Roma UNICUSANO - telematica;5815;F;3015
2010/2011;Roma UNICUSANO - telematica;5815;M;6202
2010/2011;Roma UNINETTUNO - telematica;5813;F;2014
2010/2011;Roma UNINETTUNO - telematica;5813;M;3203
2010/2011;Roma UNINT;5809;F;851
2010/2011;Roma UNINT;5809;M;504
2010/2011;Roma UNITELMA - telematica;5811;F;585
2010/2011;Roma UNITELMA - telematica;5811;M;785
2010/2011;Salento;7501;F;15738
2010/2011;Salento;7501;M;8153
2010/2011;Salerno;6501;F;22789
2010/2011;Salerno;6501;M;14584
2010/2011;Sannio;6201;F;3660
2010/2011;Sannio;6201;M;3416
2010/2011;Sassari;9001;F;9966
2010/2011;Sassari;9001;M;5249
2010/2011;Siena;5201;F;10381
2010/2011;Siena;5201;M;7219
2010/2011;Siena Stranieri;5202;F;559
2010/2011;Siena Stranieri;5202;M;122
2010/2011;Teramo;6701;F;4700
2010/2011;Teramo;6701;M;3603
2010/2011;Torino;101;F;41486
2010/2011;Torino;101;M;25079
2010/2011;Torino Politecnico;102;F;7410
2010/2011;Torino Politecnico;102;M;18824
2010/2011;Torrevecchia Teatina Leonardo da Vinci - telematica;6902;F;222
2010/2011;Torrevecchia Teatina Leonardo da Vinci - telematica;6902;M;157
2010/2011;Trento;2201;F;8488
2010/2011;Trento;2201;M;7937
2010/2011;Trieste;3201;F;11056
2010/2011;Trieste;3201;M;8290
2010/2011;Tuscia;5601;F;3867
2010/2011;Tuscia;5601;M;5099
2010/2011;Udine;3001;F;8815
2010/2011;Udine;3001;M;7758
2010/2011;Urbino;4101;F;9452
2010/2011;Urbino;4101;M;5687
2010/2011;Venezia Cà Foscari;2701;F;11510
2010/2011;Venezia Cà Foscari;2701;M;6455
2010/2011;Venezia Iuav;2702;F;2916
2010/2011;Venezia Iuav;2702;M;3118
2010/2011;Verona;2301;F;15428
2010/2011;Verona;2301;M;8259
